date,1. open,2. high,3. low,4. close,5. volume
2019-08-12 09:31:00,11.25,11.27,11.24,11.27,69549.0
2019-08-12 09:32:00,11.27,11.27,11.24,11.25,18126.0
2019-08-12 09:33:00,11.25,11.25,11.23,11.24,9618.0
2019-08-12 09:34:00,11.24,11.24,11.23,11.24,160859.0
2019-08-12 09:35:00,11.235,11.235,11.19,11.19,76438.0
2019-08-12 09:36:00,11.195,11.21,11.19,11.205,37330.0
2019-08-12 09:37:00,11.205,11.24,11.2,11.24,58611.0
2019-08-12 09:39:00,11.255,11.265,11.25,11.255,197314.0
2019-08-12 09:40:00,11.26,11.275,11.255,11.26,60143.0
2019-08-12 09:41:00,11.255,11.275,11.25,11.27,61141.0
2019-08-12 09:42:00,11.265,11.3036,11.265,11.3,54883.0
2019-08-12 09:43:00,11.305,11.32,11.28,11.29,32936.0
2019-08-12 09:44:00,11.285,11.3,11.285,11.29,11879.0
2019-08-12 09:45:00,11.295,11.3,11.28,11.295,71420.0
2019-08-12 09:46:00,11.29,11.31,11.28,11.305,145699.0
2019-08-12 09:47:00,11.3,11.32,11.3,11.315,61258.0
2019-08-12 09:48:00,11.315,11.335,11.305,11.335,85543.0
2019-08-12 09:49:00,11.335,11.35,11.32,11.345,16210.0
2019-08-12 09:50:00,11.35,11.38,11.34,11.37,73490.0
2019-08-12 09:51:00,11.365,11.385,11.365,11.37,42940.0
2019-08-12 09:52:00,11.36,11.385,11.3503,11.37,154197.0
2019-08-12 09:53:00,11.37,11.375,11.355,11.36,29577.0
2019-08-12 09:54:00,11.36,11.37,11.355,11.37,17991.0
2019-08-12 09:55:00,11.37,11.385,11.36,11.38,49039.0
2019-08-12 09:56:00,11.38,11.41,11.38,11.405,69009.0
2019-08-12 09:57:00,11.41,11.4157,11.4,11.41,59021.0
2019-08-12 09:58:00,11.405,11.435,11.405,11.405,64266.0
2019-08-12 09:59:00,11.41,11.41,11.39,11.4,14602.0
2019-08-12 10:00:00,11.4,11.4,11.39,11.395,16821.0
2019-08-12 10:01:00,11.4,11.4,11.375,11.38,34249.0
2019-08-12 10:02:00,11.38,11.41,11.38,11.41,94117.0
2019-08-12 10:03:00,11.405,11.41,11.4,11.405,65197.0
2019-08-12 10:04:00,11.4,11.405,11.39,11.4,67656.0
2019-08-12 10:05:00,11.4,11.4,11.39,11.395,11594.0
2019-08-12 10:06:00,11.39,11.39,11.36,11.37,36351.0
2019-08-12 10:07:00,11.38,11.38,11.36,11.365,51248.0
2019-08-12 10:08:00,11.36,11.39,11.36,11.39,126418.0
2019-08-12 10:09:00,11.385,11.39,11.38,11.385,17647.0
2019-08-12 10:10:00,11.39,11.4,11.38,11.38,43856.0
2019-08-12 10:11:00,11.385,11.39,11.375,11.385,36710.0
2019-08-12 10:12:00,11.38,11.39,11.38,11.385,61237.0
2019-08-12 10:13:00,11.39,11.39,11.375,11.38,33845.0
2019-08-12 10:14:00,11.375,11.39,11.37,11.375,131112.0
2019-08-12 10:15:00,11.375,11.39,11.37,11.38,55320.0
2019-08-12 10:16:00,11.39,11.39,11.36,11.36,68503.0
2019-08-12 10:17:00,11.365,11.37,11.355,11.369,22117.0
2019-08-12 10:18:00,11.365,11.37,11.36,11.37,11412.0
2019-08-12 10:19:00,11.365,11.38,11.36,11.37,42021.0
2019-08-12 10:20:00,11.37,11.375,11.365,11.37,40728.0
2019-08-12 10:21:00,11.38,11.38,11.365,11.37,20697.0
2019-08-12 10:22:00,11.37,11.39,11.37,11.385,35571.0
2019-08-12 10:23:00,11.38,11.385,11.37,11.385,12900.0
2019-08-12 10:24:00,11.38,11.39,11.375,11.38,72755.0
2019-08-12 10:25:00,11.37,11.38,11.37,11.38,8456.0
2019-08-12 10:26:00,11.38,11.39,11.37,11.375,104200.0
2019-08-12 10:27:00,11.375,11.375,11.36,11.36,17162.0
2019-08-12 10:28:00,11.36,11.3696,11.355,11.36,35589.0
2019-08-12 10:29:00,11.36,11.36,11.34,11.34,44097.0
2019-08-12 10:30:00,11.34,11.34,11.33,11.335,24077.0
2019-08-12 10:31:00,11.33,11.34,11.325,11.325,61666.0
2019-08-12 10:32:00,11.325,11.325,11.31,11.315,27696.0
2019-08-12 10:33:00,11.32,11.33,11.31,11.315,139962.0
2019-08-12 10:34:00,11.315,11.315,11.295,11.295,50795.0
2019-08-12 10:35:00,11.3,11.3,11.29,11.29,56070.0
2019-08-12 10:36:00,11.2979,11.31,11.29,11.295,75056.0
2019-08-12 10:37:00,11.3,11.31,11.29,11.305,84485.0
2019-08-12 10:38:00,11.31,11.31,11.3,11.3,21976.0
2019-08-12 10:39:00,11.3,11.31,11.3,11.305,18879.0
2019-08-12 10:40:00,11.305,11.32,11.3,11.315,46509.0
2019-08-12 10:41:00,11.32,11.32,11.305,11.305,95981.0
2019-08-12 10:42:00,11.3,11.305,11.29,11.29,55658.0
2019-08-12 10:44:00,11.3089,11.3089,11.305,11.305,57863.0
2019-08-12 10:45:00,11.305,11.31,11.3,11.3,16616.0
2019-08-12 10:46:00,11.3,11.31,11.295,11.3,117012.0
2019-08-12 10:47:00,11.3,11.305,11.295,11.3,54660.0
2019-08-12 10:48:00,11.305,11.31,11.3,11.3,28294.0
2019-08-12 10:49:00,11.3,11.31,11.3,11.3,32083.0
2019-08-12 10:50:00,11.3,11.31,11.3,11.305,33373.0
2019-08-12 10:51:00,11.305,11.31,11.29,11.3,78106.0
2019-08-12 10:52:00,11.305,11.31,11.3,11.3,54959.0
2019-08-12 10:53:00,11.3,11.305,11.3,11.3,11470.0
2019-08-12 10:54:00,11.305,11.31,11.3,11.305,28878.0
2019-08-12 10:55:00,11.31,11.31,11.3,11.305,88391.0
2019-08-12 10:56:00,11.31,11.31,11.3,11.31,59792.0
2019-08-12 10:57:00,11.31,11.31,11.3,11.3,85873.0
2019-08-12 10:58:00,11.31,11.33,11.305,11.33,92728.0
2019-08-12 10:59:00,11.33,11.35,11.33,11.34,25201.0
2019-08-12 11:00:00,11.345,11.355,11.335,11.345,104802.0
2019-08-12 11:01:00,11.34,11.3421,11.325,11.325,191691.0
2019-08-12 11:02:00,11.33,11.34,11.325,11.33,9987.0
2019-08-12 11:03:00,11.33,11.34,11.33,11.33,15557.0
2019-08-12 11:04:00,11.33,11.34,11.32,11.34,81541.0
2019-08-12 11:05:00,11.33,11.34,11.32,11.325,57313.0
2019-08-12 11:06:00,11.32,11.325,11.315,11.315,17532.0
2019-08-12 11:07:00,11.315,11.34,11.315,11.33,17644.0
2019-08-12 11:08:00,11.33,11.335,11.325,11.325,10930.0
2019-08-12 11:09:00,11.325,11.325,11.315,11.325,19431.0
2019-08-12 11:10:00,11.32,11.325,11.31,11.31,29659.0
2019-08-12 11:11:00,11.315,11.315,11.29,11.295,85545.0
2019-08-12 11:12:00,11.3,11.305,11.29,11.295,62358.0
2019-08-12 11:13:00,11.3,11.31,11.3,11.3,28403.0
2019-08-12 11:14:00,11.3,11.3,11.29,11.3,30614.0
2019-08-12 11:15:00,11.3,11.32,11.3,11.31,28292.0
2019-08-12 11:16:00,11.305,11.32,11.3,11.32,41801.0
2019-08-12 11:17:00,11.315,11.33,11.315,11.325,13199.0
2019-08-12 11:18:00,11.33,11.335,11.33,11.33,10323.0
2019-08-12 11:19:00,11.33,11.337,11.33,11.33,21617.0
2019-08-12 11:20:00,11.33,11.335,11.3166,11.3166,84827.0
2019-08-12 11:21:00,11.315,11.335,11.315,11.325,37636.0
2019-08-12 11:22:00,11.325,11.33,11.31,11.31,71801.0
2019-08-12 11:23:00,11.315,11.32,11.31,11.315,20975.0
2019-08-12 11:24:00,11.31,11.32,11.31,11.32,17062.0
2019-08-12 11:25:00,11.32,11.3364,11.32,11.325,65563.0
2019-08-12 11:26:00,11.325,11.34,11.325,11.34,13797.0
2019-08-12 11:27:00,11.33,11.34,11.33,11.335,13935.0
2019-08-12 11:28:00,11.33,11.34,11.33,11.33,6115.0
2019-08-12 11:29:00,11.33,11.34,11.33,11.33,66249.0
2019-08-12 11:30:00,11.335,11.34,11.33,11.33,16900.0
2019-08-12 11:31:00,11.33,11.345,11.33,11.34,19140.0
2019-08-12 11:32:00,11.345,11.35,11.33,11.335,174823.0
2019-08-12 11:33:00,11.33,11.33,11.32,11.325,32508.0
2019-08-12 11:34:00,11.32,11.32,11.3,11.31,28051.0
2019-08-12 11:35:00,11.305,11.32,11.3,11.32,299586.0
2019-08-12 11:36:00,11.315,11.32,11.31,11.315,10500.0
2019-08-12 11:37:00,11.315,11.3201,11.31,11.315,176272.0
2019-08-12 11:38:00,11.315,11.33,11.31,11.32,50347.0
2019-08-12 11:39:00,11.32,11.33,11.3022,11.305,143516.0
2019-08-12 11:40:00,11.305,11.31,11.3,11.305,26860.0
2019-08-12 11:41:00,11.31,11.31,11.3,11.3,21721.0
2019-08-12 11:42:00,11.3,11.31,11.3,11.305,119236.0
2019-08-12 11:43:00,11.305,11.31,11.3,11.305,9299.0
2019-08-12 11:44:00,11.305,11.31,11.305,11.31,23924.0
2019-08-12 11:45:00,11.305,11.32,11.305,11.32,169718.0
2019-08-12 11:46:00,11.32,11.32,11.31,11.315,22455.0
2019-08-12 11:47:00,11.315,11.32,11.315,11.32,3600.0
2019-08-12 11:48:00,11.32,11.32,11.3144,11.315,25101.0
2019-08-12 11:49:00,11.315,11.32,11.315,11.32,2887.0
2019-08-12 11:50:00,11.315,11.32,11.31,11.315,12666.0
2019-08-12 11:51:00,11.32,11.32,11.305,11.305,53911.0
2019-08-12 11:52:00,11.305,11.305,11.3,11.3,14080.0
2019-08-12 11:53:00,11.305,11.31,11.3,11.3075,65193.0
2019-08-12 11:54:00,11.305,11.31,11.295,11.2999,48079.0
2019-08-12 11:55:00,11.3,11.31,11.2944,11.305,84235.0
2019-08-12 11:56:00,11.3,11.31,11.3,11.3038,17224.0
2019-08-12 11:57:00,11.3,11.3095,11.3,11.305,5419.0
2019-08-12 11:58:00,11.31,11.31,11.3,11.3,16886.0
2019-08-12 11:59:00,11.3,11.305,11.3,11.3,4024.0
2019-08-12 12:00:00,11.305,11.305,11.3,11.305,14619.0
2019-08-12 12:01:00,11.3,11.305,11.3,11.305,5696.0
2019-08-12 12:02:00,11.305,11.305,11.3,11.3,8307.0
2019-08-12 12:03:00,11.305,11.31,11.29,11.295,19794.0
2019-08-12 12:04:00,11.295,11.3,11.29,11.3,9875.0
2019-08-12 12:05:00,11.3,11.305,11.2901,11.3,52969.0
2019-08-12 12:06:00,11.305,11.305,11.29,11.295,19396.0
2019-08-12 12:07:00,11.3,11.3,11.29,11.3,7750.0
2019-08-12 12:08:00,11.295,11.305,11.295,11.3,22962.0
2019-08-12 12:09:00,11.3,11.3067,11.3,11.305,4504.0
2019-08-12 12:10:00,11.3,11.31,11.3,11.305,37936.0
2019-08-12 12:11:00,11.305,11.31,11.3,11.305,10964.0
2019-08-12 12:12:00,11.305,11.31,11.305,11.305,7312.0
2019-08-12 12:13:00,11.305,11.31,11.29,11.295,57992.0
2019-08-12 12:14:00,11.295,11.295,11.29,11.295,5700.0
2019-08-12 12:15:00,11.295,11.3,11.29,11.3,17996.0
2019-08-12 12:16:00,11.3,11.31,11.3,11.3,38289.0
2019-08-12 12:17:00,11.305,11.34,11.3,11.325,540195.0
2019-08-12 12:18:00,11.325,11.33,11.32,11.325,20326.0
2019-08-12 12:19:00,11.325,11.33,11.325,11.325,31056.0
2019-08-12 12:20:00,11.325,11.33,11.32,11.32,6661.0
2019-08-12 12:21:00,11.325,11.33,11.32,11.325,9128.0
2019-08-12 12:22:00,11.325,11.325,11.32,11.325,4491.0
2019-08-12 12:23:00,11.33,11.34,11.325,11.34,20248.0
2019-08-12 12:24:00,11.34,11.35,11.335,11.345,92220.0
2019-08-12 12:25:00,11.35,11.35,11.345,11.35,6353.0
2019-08-12 12:26:00,11.35,11.35,11.345,11.345,943.0
2019-08-12 12:27:00,11.345,11.35,11.34,11.345,5799.0
2019-08-12 12:28:00,11.345,11.36,11.345,11.36,23789.0
2019-08-12 12:29:00,11.35,11.355,11.34,11.35,20160.0
2019-08-12 12:30:00,11.36,11.37,11.36,11.365,5709.0
2019-08-12 12:31:00,11.365,11.38,11.3601,11.3722,8253.0
2019-08-12 12:32:00,11.375,11.375,11.365,11.37,39354.0
2019-08-12 12:33:00,11.37,11.38,11.365,11.365,60465.0
2019-08-12 12:34:00,11.37,11.37,11.36,11.36,12735.0
2019-08-12 12:35:00,11.355,11.36,11.345,11.35,33933.0
2019-08-12 12:36:00,11.3444,11.35,11.3444,11.35,1224.0
2019-08-12 12:37:00,11.345,11.37,11.345,11.37,14573.0
2019-08-12 12:38:00,11.37,11.38,11.37,11.37,17361.0
2019-08-12 12:39:00,11.37,11.38,11.365,11.375,13490.0
2019-08-12 12:40:00,11.375,11.385,11.375,11.375,19091.0
2019-08-12 12:41:00,11.38,11.38,11.36,11.365,8286.0
2019-08-12 12:42:00,11.37,11.37,11.355,11.365,35472.0
2019-08-12 12:43:00,11.365,11.37,11.365,11.37,1520.0
2019-08-12 12:44:00,11.37,11.375,11.3601,11.375,8918.0
2019-08-12 12:45:00,11.375,11.375,11.37,11.37,7010.0
2019-08-12 12:46:00,11.37,11.39,11.37,11.39,23821.0
2019-08-12 12:47:00,11.39,11.395,11.38,11.385,191150.0
2019-08-12 12:48:00,11.385,11.385,11.37,11.3739,70636.0
2019-08-12 12:49:00,11.3722,11.38,11.37,11.3732,42388.0
2019-08-12 12:50:00,11.37,11.3775,11.36,11.3601,24327.0
2019-08-12 12:51:00,11.36,11.365,11.35,11.355,74987.0
2019-08-12 12:52:00,11.355,11.36,11.35,11.36,6264.0
2019-08-12 12:53:00,11.35,11.36,11.35,11.36,3550.0
2019-08-12 12:54:00,11.36,11.36,11.35,11.3572,1366.0
2019-08-12 12:55:00,11.36,11.36,11.355,11.36,1459.0
2019-08-12 12:56:00,11.36,11.36,11.345,11.355,41991.0
2019-08-12 12:57:00,11.36,11.37,11.36,11.37,7478.0
2019-08-12 12:58:00,11.365,11.38,11.3601,11.37,11772.0
2019-08-12 12:59:00,11.37,11.375,11.37,11.37,3440.0
2019-08-12 13:00:00,11.37,11.37,11.36,11.365,8409.0
2019-08-12 13:01:00,11.36,11.37,11.36,11.37,5069.0
2019-08-12 13:02:00,11.37,11.37,11.365,11.365,1449.0
2019-08-12 13:03:00,11.37,11.38,11.37,11.38,18060.0
2019-08-12 13:04:00,11.38,11.38,11.37,11.375,13694.0
2019-08-12 13:05:00,11.38,11.385,11.38,11.38,13265.0
2019-08-12 13:06:00,11.38,11.4,11.38,11.4,12986.0
2019-08-12 13:07:00,11.395,11.405,11.39,11.4,34798.0
2019-08-12 13:08:00,11.395,11.395,11.39,11.395,1319.0
2019-08-12 13:09:00,11.395,11.4,11.39,11.39,7167.0
2019-08-12 13:10:00,11.39,11.39,11.39,11.39,4171.0
2019-08-12 13:11:00,11.39,11.39,11.38,11.38,3670.0
2019-08-12 13:12:00,11.385,11.385,11.38,11.38,1121.0
2019-08-12 13:13:00,11.39,11.39,11.38,11.38,2372.0
2019-08-12 13:14:00,11.38,11.39,11.38,11.385,4096.0
2019-08-12 13:15:00,11.385,11.39,11.38,11.38,4117.0
2019-08-12 13:16:00,11.385,11.39,11.38,11.385,1914.0
2019-08-12 13:17:00,11.38,11.38,11.37,11.375,16454.0
2019-08-12 13:18:00,11.375,11.375,11.37,11.37,13533.0
2019-08-12 13:19:00,11.37,11.375,11.36,11.365,28864.0
2019-08-12 13:20:00,11.365,11.38,11.365,11.375,9330.0
2019-08-12 13:21:00,11.37,11.375,11.37,11.375,2310.0
2019-08-12 13:22:00,11.375,11.38,11.37,11.375,1132.0
2019-08-12 13:23:00,11.37,11.375,11.37,11.37,1621.0
2019-08-12 13:24:00,11.37,11.375,11.365,11.37,11971.0
2019-08-12 13:25:00,11.37,11.375,11.365,11.365,9466.0
2019-08-12 13:26:00,11.36,11.375,11.36,11.375,6130.0
2019-08-12 13:27:00,11.38,11.38,11.38,11.38,2090.0
2019-08-12 13:28:00,11.38,11.38,11.375,11.375,1400.0
2019-08-12 13:29:00,11.375,11.375,11.375,11.375,400.0
2019-08-12 13:30:00,11.375,11.375,11.36,11.36,8163.0
2019-08-12 13:31:00,11.37,11.37,11.36,11.36,2833.0
2019-08-12 13:32:00,11.36,11.37,11.355,11.365,14732.0
2019-08-12 13:33:00,11.36,11.37,11.36,11.365,3750.0
2019-08-12 13:34:00,11.36,11.365,11.35,11.35,12044.0
2019-08-12 13:35:00,11.35,11.355,11.35,11.35,7406.0
2019-08-12 13:36:00,11.35,11.35,11.34,11.34,25837.0
2019-08-12 13:37:00,11.345,11.35,11.34,11.35,6513.0
2019-08-12 13:38:00,11.345,11.35,11.345,11.35,2545.0
2019-08-12 13:39:00,11.345,11.355,11.345,11.35,17306.0
2019-08-12 13:40:00,11.35,11.35,11.345,11.35,6057.0
2019-08-12 13:41:00,11.34,11.34,11.33,11.335,25142.0
2019-08-12 13:42:00,11.34,11.355,11.34,11.355,16384.0
2019-08-12 13:43:00,11.35,11.36,11.345,11.36,38910.0
2019-08-12 13:44:00,11.35,11.365,11.35,11.365,25072.0
2019-08-12 13:45:00,11.36,11.36,11.35,11.35,17926.0
2019-08-12 13:46:00,11.355,11.36,11.355,11.355,5840.0
2019-08-12 13:47:00,11.36,11.36,11.35,11.35,16883.0
2019-08-12 13:48:00,11.355,11.355,11.35,11.35,5680.0
2019-08-12 13:49:00,11.35,11.36,11.35,11.3567,25211.0
2019-08-12 13:50:00,11.36,11.36,11.3525,11.3525,10010.0
2019-08-12 13:51:00,11.36,11.37,11.355,11.3654,21311.0
2019-08-12 13:52:00,11.37,11.37,11.365,11.37,17873.0
2019-08-12 13:53:00,11.365,11.37,11.365,11.37,8785.0
2019-08-12 13:54:00,11.37,11.375,11.365,11.375,23468.0
2019-08-12 13:55:00,11.38,11.395,11.38,11.395,45402.0
2019-08-12 13:56:00,11.395,11.4,11.39,11.395,8911.0
2019-08-12 13:57:00,11.395,11.4,11.385,11.39,12660.0
2019-08-12 13:58:00,11.39,11.39,11.385,11.385,18904.0
2019-08-12 13:59:00,11.385,11.39,11.385,11.385,1502.0
2019-08-12 14:00:00,11.39,11.39,11.385,11.385,1433.0
2019-08-12 14:01:00,11.385,11.385,11.38,11.38,11404.0
2019-08-12 14:02:00,11.39,11.39,11.38,11.385,2484.0
2019-08-12 14:03:00,11.38,11.395,11.38,11.39,13934.0
2019-08-12 14:04:00,11.39,11.39,11.38,11.38,109054.0
2019-08-12 14:05:00,11.39,11.39,11.38,11.38,21297.0
2019-08-12 14:06:00,11.38,11.385,11.38,11.385,1705.0
2019-08-12 14:07:00,11.38,11.385,11.37,11.385,96301.0
2019-08-12 14:08:00,11.385,11.385,11.38,11.385,4756.0
2019-08-12 14:09:00,11.39,11.39,11.38,11.39,38568.0
2019-08-12 14:10:00,11.38,11.39,11.38,11.385,6763.0
2019-08-12 14:11:00,11.385,11.385,11.37,11.375,9279.0
2019-08-12 14:12:00,11.38,11.38,11.37,11.375,35971.0
2019-08-12 14:13:00,11.38,11.38,11.37,11.38,41150.0
2019-08-12 14:14:00,11.375,11.38,11.37,11.38,15810.0
2019-08-12 14:15:00,11.375,11.38,11.37,11.375,99712.0
2019-08-12 14:16:00,11.38,11.385,11.375,11.385,38387.0
2019-08-12 14:17:00,11.385,11.39,11.385,11.385,6368.0
2019-08-12 14:18:00,11.385,11.4,11.385,11.395,19486.0
2019-08-12 14:19:00,11.39,11.395,11.385,11.385,20875.0
2019-08-12 14:20:00,11.39,11.39,11.38,11.38,4626.0
2019-08-12 14:21:00,11.38,11.38,11.37,11.37,12425.0
2019-08-12 14:22:00,11.375,11.38,11.37,11.38,2685.0
2019-08-12 14:23:00,11.38,11.4,11.37,11.39,41335.0
2019-08-12 14:24:00,11.39,11.39,11.38,11.38,9686.0
2019-08-12 14:25:00,11.39,11.39,11.38,11.385,6313.0
2019-08-12 14:26:00,11.385,11.39,11.38,11.38,3699.0
2019-08-12 14:27:00,11.38,11.3862,11.37,11.37,18873.0
2019-08-12 14:28:00,11.37,11.38,11.37,11.37,5987.0
2019-08-12 14:29:00,11.37,11.375,11.36,11.37,12126.0
2019-08-12 14:30:00,11.37,11.37,11.36,11.36,3356.0
2019-08-12 14:31:00,11.37,11.37,11.365,11.365,2360.0
2019-08-12 14:32:00,11.37,11.37,11.365,11.37,2200.0
2019-08-12 14:33:00,11.365,11.37,11.365,11.365,7584.0
2019-08-12 14:34:00,11.365,11.365,11.35,11.36,57687.0
2019-08-12 14:35:00,11.365,11.37,11.36,11.365,8264.0
2019-08-12 14:36:00,11.365,11.375,11.365,11.37,28220.0
2019-08-12 14:37:00,11.37,11.375,11.365,11.37,26356.0
2019-08-12 14:38:00,11.38,11.38,11.375,11.375,5905.0
2019-08-12 14:39:00,11.375,11.375,11.37,11.37,4137.0
2019-08-12 14:40:00,11.375,11.375,11.37,11.37,2750.0
2019-08-12 14:41:00,11.37,11.375,11.37,11.375,30409.0
2019-08-12 14:42:00,11.37,11.37,11.36,11.36,21486.0
2019-08-12 14:43:00,11.365,11.365,11.355,11.36,14663.0
2019-08-12 14:44:00,11.36,11.365,11.355,11.355,10654.0
2019-08-12 14:45:00,11.35,11.36,11.35,11.355,3314.0
2019-08-12 14:46:00,11.35,11.36,11.35,11.36,700.0
2019-08-12 14:47:00,11.36,11.365,11.355,11.355,32152.0
2019-08-12 14:48:00,11.36,11.36,11.355,11.36,5588.0
2019-08-12 14:49:00,11.36,11.36,11.35,11.355,9872.0
2019-08-12 14:50:00,11.36,11.36,11.35,11.355,18151.0
2019-08-12 14:51:00,11.35,11.36,11.35,11.36,6520.0
2019-08-12 14:52:00,11.36,11.36,11.36,11.36,2900.0
2019-08-12 14:53:00,11.36,11.37,11.355,11.365,14300.0
2019-08-12 14:54:00,11.36,11.365,11.355,11.355,25323.0
2019-08-12 14:55:00,11.36,11.36,11.355,11.36,4578.0
2019-08-12 14:56:00,11.36,11.37,11.355,11.37,10238.0
2019-08-12 14:57:00,11.37,11.37,11.35,11.365,16549.0
2019-08-12 14:58:00,11.365,11.37,11.36,11.365,24421.0
2019-08-12 14:59:00,11.37,11.37,11.36,11.365,4550.0
2019-08-12 15:00:00,11.36,11.36,11.35,11.36,23705.0
2019-08-12 15:01:00,11.36,11.38,11.355,11.38,25901.0
2019-08-12 15:02:00,11.37,11.38,11.37,11.38,12065.0
2019-08-12 15:03:00,11.38,11.38,11.355,11.365,18174.0
2019-08-12 15:04:00,11.36,11.37,11.355,11.365,18642.0
2019-08-12 15:05:00,11.36,11.366,11.36,11.365,2176.0
2019-08-12 15:06:00,11.365,11.365,11.35,11.36,31640.0
2019-08-12 15:07:00,11.3599,11.36,11.355,11.36,14220.0
2019-08-12 15:08:00,11.355,11.36,11.35,11.355,33693.0
2019-08-12 15:09:00,11.35,11.36,11.35,11.354,49076.0
2019-08-12 15:10:00,11.35,11.35,11.34,11.34,57216.0
2019-08-12 15:11:00,11.34,11.345,11.34,11.34,4814.0
2019-08-12 15:12:00,11.345,11.35,11.34,11.35,9675.0
2019-08-12 15:13:00,11.345,11.35,11.34,11.3437,2702.0
2019-08-12 15:14:00,11.35,11.35,11.34,11.35,25251.0
2019-08-12 15:15:00,11.35,11.36,11.34,11.34,4221.0
2019-08-12 15:16:00,11.34,11.35,11.335,11.335,10900.0
2019-08-12 15:17:00,11.335,11.34,11.335,11.335,13237.0
2019-08-12 15:18:00,11.35,11.35,11.33,11.33,44143.0
2019-08-12 15:19:00,11.34,11.34,11.335,11.34,20744.0
2019-08-12 15:20:00,11.34,11.34,11.33,11.33,50141.0
2019-08-12 15:21:00,11.33,11.335,11.33,11.335,3616.0
2019-08-12 15:49:00,11.34,11.345,11.335,11.34,52737.0
2019-08-13 09:31:00,11.31,11.33,11.3,11.32,67984.0
2019-08-13 09:32:00,11.32,11.32,11.29,11.29,4800.0
2019-08-13 09:33:00,11.29,11.29,11.27,11.275,140114.0
2019-08-13 09:34:00,11.28,11.28,11.27,11.28,13038.0
2019-08-13 09:35:00,11.28,11.29,11.275,11.29,66142.0
2019-08-13 09:36:00,11.29,11.32,11.28,11.28,87954.0
2019-08-13 09:37:00,11.28,11.34,11.27,11.34,46959.0
2019-08-13 09:38:00,11.33,11.38,11.32,11.38,60616.0
2019-08-13 09:39:00,11.38,11.385,11.325,11.345,88210.0
2019-08-13 09:40:00,11.35,11.365,11.33,11.36,323920.0
2019-08-13 09:41:00,11.36,11.4,11.355,11.395,218593.0
2019-08-13 09:42:00,11.39,11.4,11.35,11.365,108139.0
2019-08-13 09:43:00,11.37,11.375,11.355,11.36,116170.0
2019-08-13 09:44:00,11.36,11.38,11.355,11.375,16118.0
2019-08-13 09:45:00,11.38,11.395,11.375,11.39,34692.0
2019-08-13 09:46:00,11.4,11.46,11.38,11.45,133163.0
2019-08-13 09:47:00,11.45,11.54,11.45,11.5,156597.0
2019-08-13 09:48:00,11.5,11.555,11.5,11.53,295324.0
2019-08-13 09:49:00,11.535,11.6,11.53,11.6,96536.0
2019-08-13 09:50:00,11.6,11.645,11.585,11.62,249347.0
2019-08-13 09:51:00,11.62,11.67,11.61,11.635,905055.0
2019-08-13 09:52:00,11.64,11.66,11.63,11.63,222723.0
2019-08-13 09:53:00,11.64,11.685,11.63,11.67,179567.0
2019-08-13 09:54:00,11.66,11.665,11.63,11.63,208332.0
2019-08-13 09:55:00,11.625,11.65,11.625,11.63,242447.0
2019-08-13 09:56:00,11.64,11.64,11.62,11.63,49047.0
2019-08-13 09:57:00,11.62,11.67,11.61,11.67,79612.0
2019-08-13 09:58:00,11.66,11.69,11.65,11.67,420660.0
2019-08-13 09:59:00,11.67,11.745,11.64,11.69,477809.0
2019-08-13 10:00:00,11.69,11.725,11.67,11.72,221970.0
2019-08-13 10:01:00,11.72,11.75,11.71,11.735,225870.0
2019-08-13 10:02:00,11.73,11.745,11.69,11.695,105244.0
2019-08-13 10:03:00,11.695,11.7,11.68,11.68,151364.0
2019-08-13 10:04:00,11.68,11.69,11.67,11.68,20789.0
2019-08-13 10:05:00,11.68,11.685,11.655,11.655,83570.0
2019-08-13 10:06:00,11.655,11.67,11.65,11.65,52217.0
2019-08-13 10:07:00,11.66,11.67,11.655,11.665,576393.0
2019-08-13 10:08:00,11.67,11.68,11.65,11.655,81109.0
2019-08-13 10:09:00,11.655,11.67,11.65,11.67,18181.0
2019-08-13 10:10:00,11.67,11.69,11.665,11.68,97496.0
2019-08-13 10:11:00,11.68,11.69,11.66,11.68,47477.0
2019-08-13 10:12:00,11.68,11.69,11.645,11.65,27400.0
2019-08-13 10:13:00,11.64,11.66,11.64,11.66,15993.0
2019-08-13 10:14:00,11.65,11.67,11.65,11.67,49480.0
2019-08-13 10:15:00,11.67,11.68,11.65,11.665,63610.0
2019-08-13 10:16:00,11.67,11.68,11.66,11.67,31440.0
2019-08-13 10:17:00,11.67,11.69,11.665,11.685,51108.0
2019-08-13 10:18:00,11.69,11.7,11.68,11.695,106358.0
2019-08-13 10:19:00,11.7,11.7,11.68,11.68,52784.0
2019-08-13 10:20:00,11.685,11.73,11.685,11.72,220431.0
2019-08-13 10:21:00,11.72,11.73,11.71,11.715,60634.0
2019-08-13 10:22:00,11.72,11.725,11.71,11.71,20531.0
2019-08-13 10:23:00,11.705,11.725,11.7,11.72,14729.0
2019-08-13 10:24:00,11.73,11.74,11.72,11.72,18792.0
2019-08-13 10:25:00,11.725,11.73,11.71,11.73,31437.0
2019-08-13 10:26:00,11.73,11.745,11.725,11.74,36693.0
2019-08-13 10:27:00,11.745,11.755,11.73,11.74,25232.0
2019-08-13 10:28:00,11.745,11.76,11.74,11.75,43389.0
2019-08-13 10:29:00,11.74,11.755,11.73,11.735,185479.0
2019-08-13 10:30:00,11.73,11.74,11.725,11.735,76872.0
2019-08-13 10:31:00,11.74,11.755,11.735,11.74,66396.0
2019-08-13 10:32:00,11.74,11.75,11.735,11.74,14512.0
2019-08-13 10:33:00,11.74,11.77,11.735,11.76,124957.0
2019-08-13 10:34:00,11.76,11.77,11.755,11.765,117042.0
2019-08-13 10:35:00,11.765,11.785,11.76,11.785,83513.0
2019-08-13 10:36:00,11.785,11.795,11.765,11.77,240499.0
2019-08-13 10:37:00,11.765,11.79,11.76,11.77,134252.0
2019-08-13 10:38:00,11.77,11.78,11.76,11.765,39437.0
2019-08-13 10:39:00,11.76,11.77,11.75,11.755,23856.0
2019-08-13 10:40:00,11.75,11.76,11.74,11.76,156997.0
2019-08-13 10:41:00,11.755,11.765,11.74,11.74,26117.0
2019-08-13 10:42:00,11.75,11.78,11.745,11.77,89579.0
2019-08-13 10:43:00,11.765,11.765,11.73,11.735,73741.0
2019-08-13 10:44:00,11.735,11.745,11.73,11.74,51460.0
2019-08-13 10:45:00,11.74,11.755,11.735,11.735,64444.0
2019-08-13 10:46:00,11.73,11.745,11.7254,11.735,47417.0
2019-08-13 10:47:00,11.73,11.745,11.72,11.74,135710.0
2019-08-13 10:48:00,11.745,11.75,11.735,11.74,46426.0
2019-08-13 10:49:00,11.745,11.75,11.74,11.74,46896.0
2019-08-13 10:50:00,11.73,11.7379,11.725,11.735,24243.0
2019-08-13 10:51:00,11.735,11.74,11.72,11.73,81339.0
2019-08-13 10:52:00,11.72,11.74,11.72,11.73,42249.0
2019-08-13 10:53:00,11.735,11.74,11.72,11.72,40040.0
2019-08-13 10:54:00,11.73,11.74,11.725,11.735,40058.0
2019-08-13 10:55:00,11.74,11.77,11.735,11.76,187754.0
2019-08-13 10:56:00,11.755,11.765,11.75,11.76,41978.0
2019-08-13 10:57:00,11.765,11.765,11.74,11.74,42394.0
2019-08-13 10:58:00,11.745,11.745,11.74,11.74,21014.0
2019-08-13 10:59:00,11.735,11.74,11.725,11.725,69111.0
2019-08-13 11:00:00,11.72,11.74,11.72,11.74,21972.0
2019-08-13 11:01:00,11.73,11.75,11.73,11.74,94465.0
2019-08-13 11:02:00,11.74,11.75,11.74,11.74,25481.0
2019-08-13 11:03:00,11.73,11.73,11.71,11.715,38010.0
2019-08-13 11:04:00,11.72,11.72,11.7,11.7,106653.0
2019-08-13 11:05:00,11.7,11.71,11.69,11.69,38029.0
2019-08-13 11:06:00,11.69,11.71,11.69,11.705,43419.0
2019-08-13 11:07:00,11.71,11.71,11.69,11.71,41371.0
2019-08-13 11:08:00,11.7137,11.725,11.71,11.71,74120.0
2019-08-13 11:09:00,11.715,11.72,11.71,11.715,13762.0
2019-08-13 11:10:00,11.715,11.72,11.71,11.715,33077.0
2019-08-13 11:11:00,11.715,11.74,11.71,11.735,54088.0
2019-08-13 11:12:00,11.735,11.74,11.73,11.735,7052.0
2019-08-13 11:13:00,11.735,11.74,11.73,11.735,6051.0
2019-08-13 11:14:00,11.73,11.74,11.72,11.7331,68582.0
2019-08-13 11:15:00,11.73,11.735,11.72,11.73,12669.0
2019-08-13 11:16:00,11.73,11.74,11.72,11.73,90079.0
2019-08-13 11:17:00,11.73,11.73,11.72,11.725,8820.0
2019-08-13 11:18:00,11.72,11.73,11.71,11.715,46439.0
2019-08-13 11:19:00,11.71,11.715,11.69,11.69,40811.0
2019-08-13 11:20:00,11.695,11.695,11.68,11.685,125190.0
2019-08-13 11:21:00,11.685,11.7,11.68,11.695,50991.0
2019-08-13 11:22:00,11.69,11.695,11.66,11.665,102130.0
2019-08-13 11:23:00,11.66,11.67,11.66,11.665,27578.0
2019-08-13 11:24:00,11.66,11.6795,11.655,11.67,108858.0
2019-08-13 11:25:00,11.665,11.675,11.66,11.67,29845.0
2019-08-13 11:26:00,11.675,11.675,11.66,11.66,51526.0
2019-08-13 11:27:00,11.66,11.68,11.655,11.675,58482.0
2019-08-13 11:28:00,11.67,11.68,11.67,11.675,26544.0
2019-08-13 11:29:00,11.675,11.7,11.675,11.695,71685.0
2019-08-13 11:30:00,11.69,11.7,11.67,11.7,152643.0
2019-08-13 11:31:00,11.7,11.71,11.69,11.71,74085.0
2019-08-13 11:32:00,11.705,11.71,11.7,11.7,25466.0
2019-08-13 11:33:00,11.71,11.715,11.7,11.71,69460.0
2019-08-13 11:34:00,11.705,11.715,11.705,11.71,64530.0
2019-08-13 11:35:00,11.705,11.71,11.7,11.705,33202.0
2019-08-13 11:36:00,11.71,11.71,11.7,11.7,51999.0
2019-08-13 11:37:00,11.7,11.705,11.69,11.7,67937.0
2019-08-13 11:38:00,11.695,11.7,11.69,11.695,30398.0
2019-08-13 11:39:00,11.695,11.72,11.695,11.71,113253.0
2019-08-13 11:40:00,11.71,11.72,11.705,11.705,64967.0
2019-08-13 11:41:00,11.705,11.725,11.705,11.72,64670.0
2019-08-13 11:42:00,11.73,11.75,11.725,11.745,39212.0
2019-08-13 11:43:00,11.75,11.75,11.735,11.735,16219.0
2019-08-13 11:44:00,11.73,11.735,11.725,11.725,24436.0
2019-08-13 11:46:00,11.735,11.74,11.715,11.72,170676.0
2019-08-13 11:47:00,11.72,11.73,11.72,11.73,33804.0
2019-08-13 11:48:00,11.73,11.74,11.73,11.73,49722.0
2019-08-13 11:49:00,11.735,11.735,11.715,11.725,102808.0
2019-08-13 11:50:00,11.73,11.735,11.72,11.72,50064.0
2019-08-13 11:51:00,11.72,11.725,11.71,11.71,32119.0
2019-08-13 11:52:00,11.71,11.71,11.695,11.695,27840.0
2019-08-13 11:53:00,11.69,11.7,11.69,11.695,12904.0
2019-08-13 11:54:00,11.695,11.7,11.69,11.69,25871.0
2019-08-13 11:55:00,11.695,11.7,11.69,11.7,28278.0
2019-08-13 11:56:00,11.695,11.73,11.695,11.725,149576.0
2019-08-13 11:57:00,11.725,11.73,11.72,11.72,7540.0
2019-08-13 11:58:00,11.725,11.725,11.71,11.72,28867.0
2019-08-13 11:59:00,11.72,11.735,11.72,11.72,22328.0
2019-08-13 12:00:00,11.725,11.735,11.72,11.73,14511.0
2019-08-13 12:01:00,11.735,11.74,11.73,11.73,7081.0
2019-08-13 12:02:00,11.735,11.74,11.73,11.735,45360.0
2019-08-13 12:03:00,11.73,11.735,11.71,11.71,45331.0
2019-08-13 12:04:00,11.71,11.72,11.71,11.71,23664.0
2019-08-13 12:05:00,11.711,11.711,11.7,11.705,61421.0
2019-08-13 12:06:00,11.7,11.705,11.69,11.7,21803.0
2019-08-13 12:07:00,11.7,11.72,11.695,11.72,137036.0
2019-08-13 12:08:00,11.715,11.72,11.7,11.7,38928.0
2019-08-13 12:09:00,11.7,11.71,11.7,11.705,14579.0
2019-08-13 12:10:00,11.7,11.705,11.7,11.7,3128.0
2019-08-13 12:11:00,11.705,11.71,11.7,11.7,27748.0
2019-08-13 12:12:00,11.705,11.7086,11.695,11.7,92018.0
2019-08-13 12:13:00,11.7,11.705,11.695,11.7,36228.0
2019-08-13 12:14:00,11.7,11.71,11.7,11.705,17145.0
2019-08-13 12:15:00,11.7,11.71,11.7,11.71,40250.0
2019-08-13 12:16:00,11.715,11.725,11.71,11.715,31082.0
2019-08-13 12:17:00,11.71,11.72,11.71,11.715,20589.0
2019-08-13 12:18:00,11.715,11.72,11.71,11.71,23547.0
2019-08-13 12:19:00,11.7,11.705,11.7,11.7,4815.0
2019-08-13 12:20:00,11.7,11.705,11.7,11.705,2630.0
2019-08-13 12:21:00,11.705,11.71,11.7,11.705,5071.0
2019-08-13 12:22:00,11.705,11.72,11.7,11.72,16431.0
2019-08-13 12:23:00,11.72,11.7256,11.72,11.72,9762.0
2019-08-13 12:24:00,11.725,11.7284,11.72,11.72,4962.0
2019-08-13 12:25:00,11.725,11.725,11.72,11.72,4815.0
2019-08-13 12:26:00,11.72,11.725,11.715,11.715,14810.0
2019-08-13 12:27:00,11.72,11.72,11.68,11.68,283304.0
2019-08-13 12:28:00,11.68,11.69,11.66,11.68,132307.0
2019-08-13 12:29:00,11.69,11.69,11.69,11.69,16080.0
2019-08-13 12:30:00,11.69,11.69,11.68,11.68,15536.0
2019-08-13 12:31:00,11.68,11.685,11.67,11.67,18860.0
2019-08-13 12:32:00,11.675,11.685,11.675,11.68,35669.0
2019-08-13 12:33:00,11.68,11.685,11.675,11.68,37917.0
2019-08-13 12:34:00,11.68,11.685,11.68,11.68,2026.0
2019-08-13 12:35:00,11.68,11.69,11.68,11.68,13711.0
2019-08-13 12:36:00,11.685,11.7,11.685,11.695,21179.0
2019-08-13 12:37:00,11.695,11.695,11.68,11.685,10653.0
2019-08-13 12:38:00,11.685,11.7,11.685,11.7,15419.0
2019-08-13 12:39:00,11.695,11.7,11.695,11.7,6691.0
2019-08-13 12:40:00,11.695,11.705,11.695,11.705,14970.0
2019-08-13 12:41:00,11.705,11.71,11.7,11.7,3821.0
2019-08-13 12:42:00,11.7,11.705,11.69,11.69,17522.0
2019-08-13 12:43:00,11.6939,11.695,11.685,11.69,31078.0
2019-08-13 12:44:00,11.685,11.69,11.68,11.69,17520.0
2019-08-13 12:45:00,11.69,11.69,11.6839,11.69,11646.0
2019-08-13 12:46:00,11.685,11.685,11.685,11.685,669.0
2019-08-13 12:47:00,11.68,11.69,11.68,11.69,5636.0
2019-08-13 12:48:00,11.68,11.69,11.68,11.685,26208.0
2019-08-13 12:49:00,11.685,11.685,11.68,11.68,9707.0
2019-08-13 12:50:00,11.69,11.695,11.69,11.695,21580.0
2019-08-13 12:51:00,11.69,11.705,11.69,11.705,185295.0
2019-08-13 12:52:00,11.705,11.705,11.7,11.705,1600.0
2019-08-13 12:53:00,11.705,11.705,11.705,11.705,1888.0
2019-08-13 12:54:00,11.705,11.71,11.7,11.7064,4159.0
2019-08-13 12:55:00,11.705,11.71,11.7,11.705,8395.0
2019-08-13 12:56:00,11.705,11.71,11.7,11.705,6452.0
2019-08-13 12:57:00,11.7,11.705,11.695,11.695,46215.0
2019-08-13 12:58:00,11.695,11.7,11.695,11.7,3523.0
2019-08-13 12:59:00,11.69,11.705,11.69,11.7,27326.0
2019-08-13 13:00:00,11.7,11.7,11.695,11.695,13517.0
2019-08-13 13:01:00,11.695,11.695,11.69,11.69,11029.0
2019-08-13 13:02:00,11.69,11.7,11.69,11.69,10046.0
2019-08-13 13:03:00,11.7,11.71,11.695,11.705,40139.0
2019-08-13 13:04:00,11.705,11.705,11.7,11.7,5900.0
2019-08-13 13:05:00,11.7,11.71,11.7,11.705,9605.0
2019-08-13 13:06:00,11.7,11.715,11.7,11.71,20991.0
2019-08-13 13:07:00,11.715,11.72,11.71,11.71,5450.0
2019-08-13 13:08:00,11.715,11.715,11.715,11.715,2784.0
2019-08-13 13:09:00,11.72,11.735,11.72,11.73,38110.0
2019-08-13 13:11:00,11.725,11.73,11.725,11.73,18048.0
2019-08-13 13:12:00,11.7201,11.73,11.72,11.72,9994.0
2019-08-13 13:13:00,11.72,11.7261,11.72,11.72,6281.0
2019-08-13 13:14:00,11.725,11.725,11.72,11.725,5623.0
2019-08-13 13:15:00,11.725,11.73,11.725,11.73,7100.0
2019-08-13 13:16:00,11.73,11.73,11.725,11.725,7287.0
2019-08-13 13:17:00,11.725,11.725,11.72,11.72,9866.0
2019-08-13 13:18:00,11.72,11.725,11.67,11.67,44212.0
2019-08-13 13:19:00,11.67,11.695,11.67,11.68,176046.0
2019-08-13 13:20:00,11.68,11.695,11.68,11.69,13616.0
2019-08-13 13:21:00,11.685,11.69,11.68,11.68,28640.0
2019-08-13 13:22:00,11.68,11.685,11.675,11.68,10878.0
2019-08-13 13:23:00,11.68,11.705,11.68,11.695,34966.0
2019-08-13 13:24:00,11.69,11.695,11.685,11.685,9125.0
2019-08-13 13:25:00,11.685,11.69,11.68,11.69,11038.0
2019-08-13 13:26:00,11.69,11.7,11.68,11.68,19593.0
2019-08-13 13:27:00,11.69,11.69,11.6801,11.69,33057.0
2019-08-13 13:28:00,11.69,11.695,11.68,11.695,33959.0
2019-08-13 13:29:00,11.695,11.7,11.69,11.69,22151.0
2019-08-13 13:30:00,11.69,11.7,11.69,11.7,14048.0
2019-08-13 13:31:00,11.7,11.7065,11.69,11.7065,15963.0
2019-08-13 13:32:00,11.7,11.71,11.7,11.705,12294.0
2019-08-13 13:33:00,11.7,11.71,11.7,11.71,9307.0
2019-08-13 13:34:00,11.705,11.71,11.705,11.71,2657.0
2019-08-13 13:35:00,11.7,11.715,11.7,11.71,45772.0
2019-08-13 13:36:00,11.705,11.71,11.705,11.705,7542.0
2019-08-13 13:37:00,11.705,11.71,11.7,11.705,8455.0
2019-08-13 13:38:00,11.705,11.71,11.7,11.71,9448.0
2019-08-13 13:39:00,11.705,11.71,11.705,11.705,3055.0
2019-08-13 13:40:00,11.71,11.72,11.705,11.705,53791.0
2019-08-13 13:41:00,11.7,11.705,11.7,11.705,25236.0
2019-08-13 13:42:00,11.7,11.705,11.7,11.705,12301.0
2019-08-13 13:43:00,11.7,11.71,11.69,11.7,114503.0
2019-08-13 13:44:00,11.695,11.695,11.69,11.69,16289.0
2019-08-13 13:45:00,11.69,11.7,11.69,11.7,11921.0
2019-08-13 13:46:00,11.7,11.705,11.7,11.7,45024.0
2019-08-13 13:47:00,11.7,11.7052,11.7,11.705,6284.0
2019-08-13 13:48:00,11.7,11.705,11.695,11.7,16975.0
2019-08-13 13:49:00,11.695,11.695,11.685,11.69,16059.0
2019-08-13 13:50:00,11.685,11.7,11.685,11.69,83513.0
2019-08-13 13:51:00,11.695,11.695,11.69,11.69,6985.0
2019-08-13 13:52:00,11.69,11.695,11.69,11.695,5251.0
2019-08-13 13:53:00,11.695,11.7,11.69,11.695,8446.0
2019-08-13 13:54:00,11.695,11.695,11.68,11.69,21036.0
2019-08-13 13:55:00,11.685,11.695,11.685,11.695,61307.0
2019-08-13 13:56:00,11.69,11.69,11.68,11.68,7086.0
2019-08-13 13:57:00,11.68,11.685,11.68,11.685,7890.0
2019-08-13 13:58:00,11.68,11.685,11.68,11.68,3514.0
2019-08-13 13:59:00,11.685,11.7,11.685,11.695,29459.0
2019-08-13 14:00:00,11.695,11.695,11.69,11.69,159603.0
2019-08-13 14:01:00,11.695,11.7,11.69,11.7,10530.0
2019-08-13 14:02:00,11.695,11.695,11.69,11.695,12596.0
2019-08-13 14:03:00,11.695,11.7,11.69,11.695,7415.0
2019-08-13 14:04:00,11.69,11.7,11.69,11.695,11258.0
2019-08-13 14:05:00,11.69,11.705,11.69,11.705,32695.0
2019-08-13 14:06:00,11.71,11.71,11.7,11.705,24565.0
2019-08-13 14:07:00,11.705,11.71,11.7,11.705,14954.0
2019-08-13 14:08:00,11.705,11.705,11.7,11.705,21716.0
2019-08-13 14:09:00,11.7,11.705,11.7,11.705,6811.0
2019-08-13 14:10:00,11.7,11.705,11.7,11.705,19774.0
2019-08-13 14:11:00,11.705,11.715,11.7,11.71,94465.0
2019-08-13 14:12:00,11.715,11.715,11.71,11.715,26441.0
2019-08-13 14:13:00,11.715,11.72,11.71,11.72,6101.0
2019-08-13 14:14:00,11.715,11.725,11.715,11.72,80575.0
2019-08-13 14:15:00,11.72,11.725,11.71,11.715,75414.0
2019-08-13 14:16:00,11.72,11.725,11.72,11.72,46959.0
2019-08-13 14:17:00,11.72,11.725,11.72,11.72,6000.0
2019-08-13 14:18:00,11.72,11.725,11.72,11.72,13693.0
2019-08-13 14:19:00,11.72,11.73,11.72,11.73,14343.0
2019-08-13 14:20:00,11.73,11.74,11.7239,11.74,24528.0
2019-08-13 14:21:00,11.735,11.74,11.73,11.74,31748.0
2019-08-13 14:22:00,11.735,11.745,11.735,11.74,32392.0
2019-08-13 14:23:00,11.74,11.74,11.73,11.73,33810.0
2019-08-13 14:24:00,11.73,11.735,11.73,11.73,27795.0
2019-08-13 14:25:00,11.735,11.735,11.73,11.73,16392.0
2019-08-13 14:26:00,11.73,11.735,11.72,11.72,48685.0
2019-08-13 14:27:00,11.72,11.725,11.72,11.72,7729.0
2019-08-13 14:28:00,11.72,11.725,11.72,11.72,8428.0
2019-08-13 14:29:00,11.725,11.725,11.72,11.72,8637.0
2019-08-13 14:30:00,11.72,11.725,11.72,11.72,9010.0
2019-08-13 14:31:00,11.72,11.725,11.71,11.71,25149.0
2019-08-13 14:32:00,11.71,11.715,11.71,11.71,16507.0
2019-08-13 14:33:00,11.71,11.715,11.71,11.71,8261.0
2019-08-13 14:34:00,11.71,11.72,11.705,11.71,44377.0
2019-08-13 14:35:00,11.71,11.715,11.71,11.71,7168.0
2019-08-13 14:36:00,11.71,11.715,11.71,11.71,6560.0
2019-08-13 14:37:00,11.715,11.715,11.7,11.7,24438.0
2019-08-13 14:38:00,11.7,11.705,11.69,11.69,17722.0
2019-08-13 14:39:00,11.695,11.71,11.695,11.71,24916.0
2019-08-13 14:40:00,11.7,11.725,11.7,11.71,36540.0
2019-08-13 14:41:00,11.71,11.715,11.705,11.715,26589.0
2019-08-13 14:42:00,11.71,11.715,11.7,11.7,17014.0
2019-08-13 14:43:00,11.7,11.705,11.7,11.7,5100.0
2019-08-13 14:44:00,11.7,11.705,11.7,11.705,1600.0
2019-08-13 14:45:00,11.7,11.715,11.7,11.71,52447.0
2019-08-13 14:46:00,11.71,11.715,11.71,11.71,17290.0
2019-08-13 14:47:00,11.71,11.715,11.71,11.71,6415.0
2019-08-13 14:48:00,11.71,11.71,11.7,11.7,10946.0
2019-08-13 14:49:00,11.705,11.705,11.7,11.7,8668.0
2019-08-13 14:50:00,11.7,11.705,11.7,11.7,7271.0
2019-08-13 14:51:00,11.7,11.705,11.7,11.705,7339.0
2019-08-13 14:52:00,11.7,11.72,11.7,11.715,64967.0
2019-08-13 14:53:00,11.71,11.72,11.71,11.71,8274.0
2019-08-13 14:54:00,11.71,11.715,11.7,11.705,32998.0
2019-08-13 14:55:00,11.705,11.72,11.7036,11.71,79846.0
2019-08-13 14:56:00,11.71,11.71,11.7,11.7,23136.0
2019-08-13 14:57:00,11.7,11.72,11.7,11.71,102698.0
2019-08-13 14:58:00,11.71,11.725,11.71,11.72,30255.0
2019-08-13 14:59:00,11.72,11.725,11.71,11.715,26957.0
2019-08-13 15:00:00,11.715,11.72,11.71,11.715,12731.0
2019-08-13 15:01:00,11.715,11.72,11.71,11.715,38785.0
2019-08-13 15:02:00,11.72,11.72,11.71,11.715,9321.0
2019-08-13 15:03:00,11.715,11.715,11.7146,11.715,6182.0
2019-08-13 15:04:00,11.71,11.715,11.71,11.71,13319.0
2019-08-13 15:05:00,11.71,11.72,11.71,11.715,11872.0
2019-08-13 15:06:00,11.72,11.72,11.71,11.715,18311.0
2019-08-13 15:07:00,11.715,11.72,11.71,11.71,8198.0
2019-08-13 15:08:00,11.715,11.72,11.715,11.72,8525.0
2019-08-13 15:09:00,11.72,11.72,11.715,11.72,6800.0
2019-08-13 15:10:00,11.71,11.72,11.71,11.72,7947.0
2019-08-13 15:11:00,11.72,11.72,11.71,11.72,12433.0
2019-08-13 15:12:00,11.715,11.72,11.715,11.72,5222.0
2019-08-13 15:13:00,11.72,11.72,11.71,11.72,15870.0
2019-08-13 15:14:00,11.72,11.725,11.72,11.725,60349.0
2019-08-13 15:15:00,11.725,11.73,11.72,11.725,16590.0
2019-08-13 15:16:00,11.73,11.74,11.73,11.735,65063.0
2019-08-13 15:17:00,11.735,11.735,11.725,11.73,41291.0
2019-08-13 15:18:00,11.73,11.735,11.72,11.735,24608.0
2019-08-13 15:19:00,11.735,11.735,11.73,11.735,6125.0
2019-08-13 15:20:00,11.73,11.735,11.72,11.725,39831.0
2019-08-13 15:21:00,11.72,11.725,11.72,11.725,9620.0
2019-08-13 15:22:00,11.72,11.725,11.71,11.715,89308.0
2019-08-13 15:23:00,11.72,11.72,11.71,11.715,17061.0
2019-08-13 15:24:00,11.715,11.72,11.71,11.715,6042.0
2019-08-13 15:25:00,11.71,11.73,11.71,11.725,91062.0
2019-08-13 15:26:00,11.72,11.725,11.72,11.725,11851.0
2019-08-13 15:27:00,11.72,11.73,11.72,11.73,15509.0
2019-08-13 15:28:00,11.725,11.74,11.725,11.73,57899.0
2019-08-13 15:29:00,11.725,11.73,11.724,11.73,9817.0
2019-08-13 15:30:00,11.73,11.74,11.725,11.735,53699.0
2019-08-13 15:31:00,11.73,11.73,11.72,11.72,30861.0
2019-08-13 15:32:00,11.72,11.725,11.72,11.725,4311.0
2019-08-13 15:33:00,11.72,11.73,11.72,11.72,18673.0
2019-08-13 15:34:00,11.72,11.725,11.72,11.725,15353.0
2019-08-13 15:35:00,11.72,11.7275,11.72,11.7275,29264.0
2019-08-13 15:36:00,11.72,11.7299,11.71,11.715,44082.0
2019-08-13 15:37:00,11.71,11.72,11.71,11.715,30437.0
2019-08-13 15:38:00,11.715,11.72,11.71,11.715,16243.0
2019-08-13 15:39:00,11.72,11.72,11.71,11.715,19756.0
2019-08-13 15:40:00,11.715,11.72,11.71,11.71,19243.0
2019-08-13 15:41:00,11.71,11.715,11.71,11.71,16820.0
2019-08-13 15:42:00,11.71,11.715,11.71,11.71,16931.0
2019-08-13 15:43:00,11.71,11.71,11.7,11.71,82689.0
2019-08-13 15:44:00,11.71,11.71,11.7,11.71,17748.0
2019-08-13 15:45:00,11.7,11.71,11.7,11.7,42080.0
2019-08-13 15:46:00,11.71,11.71,11.7,11.7,27255.0
2019-08-13 15:47:00,11.7,11.705,11.7,11.7,19345.0
2019-08-13 15:48:00,11.7,11.705,11.7,11.7,26351.0
2019-08-13 15:49:00,11.7,11.705,11.69,11.695,63407.0
2019-08-13 15:50:00,11.7,11.7,11.69,11.695,75201.0
2019-08-13 15:51:00,11.695,11.7,11.69,11.69,38601.0
2019-08-13 15:52:00,11.7,11.7,11.69,11.695,25972.0
2019-08-13 15:53:00,11.695,11.71,11.69,11.705,113793.0
2019-08-13 15:54:00,11.705,11.71,11.7,11.705,60782.0
2019-08-13 15:55:00,11.705,11.71,11.7,11.705,38913.0
2019-08-13 15:56:00,11.705,11.7099,11.68,11.68,126381.0
2019-08-13 15:57:00,11.68,11.7,11.68,11.695,533698.0
2019-08-13 15:58:00,11.69,11.7,11.68,11.68,205757.0
2019-08-13 15:59:00,11.68,11.7,11.68,11.695,241654.0
2019-08-13 16:00:00,11.7,11.71,11.69,11.7,270394.0
2019-08-14 09:31:00,11.35,11.35,11.34,11.34,17765.0
2019-08-14 09:32:00,11.33,11.35,11.3161,11.33,110100.0
2019-08-14 09:34:00,11.3,11.305,11.27,11.285,299711.0
2019-08-14 09:35:00,11.3,11.32,11.28,11.32,113794.0
2019-08-14 09:36:00,11.32,11.325,11.285,11.32,123726.0
2019-08-14 09:37:00,11.32,11.35,11.31,11.34,66003.0
2019-08-14 09:38:00,11.34,11.34,11.32,11.33,55016.0
2019-08-14 09:39:00,11.33,11.34,11.31,11.31,90655.0
2019-08-14 09:40:00,11.31,11.34,11.3,11.34,47592.0
2019-08-14 09:41:00,11.335,11.34,11.305,11.31,43100.0
2019-08-14 09:42:00,11.3,11.305,11.29,11.3,21699.0
2019-08-14 09:43:00,11.303,11.32,11.29,11.29,50575.0
2019-08-14 09:44:00,11.28,11.3,11.27,11.29,79940.0
2019-08-14 09:45:00,11.29,11.29,11.27,11.29,32158.0
2019-08-14 09:46:00,11.3,11.3,11.25,11.27,59845.0
2019-08-14 09:47:00,11.275,11.275,11.255,11.27,22352.0
2019-08-14 09:48:00,11.27,11.28,11.255,11.27,108961.0
2019-08-14 09:49:00,11.26,11.27,11.25,11.26,16062.0
2019-08-14 09:50:00,11.26,11.28,11.25,11.27,77442.0
2019-08-14 09:51:00,11.27,11.285,11.26,11.27,157261.0
2019-08-14 09:52:00,11.27,11.315,11.27,11.3,84289.0
2019-08-14 09:53:00,11.29,11.3,11.27,11.27,22820.0
2019-08-14 09:54:00,11.27,11.29,11.27,11.29,33405.0
2019-08-14 09:55:00,11.285,11.305,11.285,11.303,50800.0
2019-08-14 09:56:00,11.305,11.305,11.28,11.28,12678.0
2019-08-14 09:57:00,11.28,11.31,11.27,11.31,21423.0
2019-08-14 09:58:00,11.3,11.3053,11.3,11.3,9311.0
2019-08-14 09:59:00,11.3,11.33,11.3,11.33,75508.0
2019-08-14 10:00:00,11.33,11.34,11.32,11.33,119218.0
2019-08-14 10:01:00,11.33,11.335,11.31,11.31,78791.0
2019-08-14 10:02:00,11.31,11.315,11.295,11.3,45423.0
2019-08-14 10:03:00,11.29,11.3,11.28,11.2801,16995.0
2019-08-14 10:04:00,11.28,11.29,11.27,11.27,14288.0
2019-08-14 10:05:00,11.27,11.27,11.25,11.27,145477.0
2019-08-14 10:06:00,11.27,11.275,11.245,11.255,46588.0
2019-08-14 10:07:00,11.25,11.29,11.25,11.27,33698.0
2019-08-14 10:08:00,11.27,11.29,11.26,11.275,48343.0
2019-08-14 10:09:00,11.28,11.285,11.27,11.285,31115.0
2019-08-14 10:10:00,11.28,11.295,11.28,11.285,18483.0
2019-08-14 10:11:00,11.28,11.28,11.265,11.27,50324.0
2019-08-14 10:12:00,11.275,11.28,11.25,11.25,95081.0
2019-08-14 10:13:00,11.25,11.255,11.24,11.24,8189.0
2019-08-14 10:14:00,11.24,11.27,11.24,11.25,86566.0
2019-08-14 10:15:00,11.25,11.27,11.25,11.265,60947.0
2019-08-14 10:16:00,11.265,11.28,11.265,11.27,12209.0
2019-08-14 10:17:00,11.27,11.28,11.27,11.27,59137.0
2019-08-14 10:18:00,11.27,11.285,11.27,11.28,123716.0
2019-08-14 10:19:00,11.28,11.285,11.27,11.275,24799.0
2019-08-14 10:20:00,11.27,11.275,11.27,11.27,12475.0
2019-08-14 10:21:00,11.27,11.275,11.27,11.275,15612.0
2019-08-14 10:22:00,11.27,11.29,11.27,11.275,58913.0
2019-08-14 10:23:00,11.27,11.275,11.26,11.26,40789.0
2019-08-14 10:24:00,11.26,11.275,11.26,11.265,75232.0
2019-08-14 10:25:00,11.27,11.27,11.25,11.265,63359.0
2019-08-14 10:26:00,11.265,11.27,11.26,11.26,18607.0
2019-08-14 10:27:00,11.265,11.265,11.26,11.26,9230.0
2019-08-14 10:28:00,11.26,11.275,11.26,11.275,46695.0
2019-08-14 10:29:00,11.27,11.28,11.27,11.27,13267.0
2019-08-14 10:30:00,11.27,11.275,11.26,11.27,64098.0
2019-08-14 10:31:00,11.27,11.275,11.24,11.255,86910.0
2019-08-14 10:32:00,11.25,11.25,11.23,11.23,96755.0
2019-08-14 10:33:00,11.23,11.25,11.23,11.25,116538.0
2019-08-14 10:34:00,11.25,11.26,11.245,11.25,20980.0
2019-08-14 10:35:00,11.25,11.26,11.25,11.25,11908.0
2019-08-14 10:36:00,11.26,11.26,11.245,11.245,18735.0
2019-08-14 10:37:00,11.245,11.255,11.245,11.255,69811.0
2019-08-14 10:38:00,11.25,11.255,11.24,11.24,15364.0
2019-08-14 10:39:00,11.245,11.25,11.24,11.245,25497.0
2019-08-14 10:40:00,11.25,11.25,11.24,11.24,15745.0
2019-08-14 10:41:00,11.24,11.2415,11.22,11.22,61164.0
2019-08-14 10:42:00,11.23,11.235,11.225,11.23,37734.0
2019-08-14 10:43:00,11.23,11.25,11.23,11.23,86517.0
2019-08-14 10:44:00,11.235,11.235,11.225,11.23,24034.0
2019-08-14 10:45:00,11.23,11.24,11.23,11.23,24686.0
2019-08-14 10:46:00,11.23,11.24,11.22,11.22,22002.0
2019-08-14 10:47:00,11.215,11.225,11.215,11.22,20737.0
2019-08-14 10:48:00,11.22,11.235,11.22,11.235,83054.0
2019-08-14 10:49:00,11.235,11.24,11.23,11.235,13059.0
2019-08-14 10:50:00,11.23,11.24,11.22,11.23,37121.0
2019-08-14 10:51:00,11.235,11.24,11.225,11.2265,31544.0
2019-08-14 10:52:00,11.23,11.235,11.22,11.22,17300.0
2019-08-14 10:53:00,11.225,11.23,11.225,11.225,10988.0
2019-08-14 10:54:00,11.23,11.23,11.22,11.225,4613.0
2019-08-14 10:55:00,11.23,11.23,11.215,11.22,15346.0
2019-08-14 10:56:00,11.21,11.225,11.21,11.225,20377.0
2019-08-14 10:57:00,11.225,11.23,11.22,11.2216,13051.0
2019-08-14 10:58:00,11.225,11.235,11.215,11.215,40797.0
2019-08-14 10:59:00,11.215,11.215,11.2,11.205,7646.0
2019-08-14 11:00:00,11.21,11.22,11.2,11.2,35624.0
2019-08-14 11:01:00,11.205,11.21,11.18,11.2,168048.0
2019-08-14 11:02:00,11.2,11.21,11.19,11.21,32783.0
2019-08-14 11:03:00,11.21,11.22,11.205,11.21,28364.0
2019-08-14 11:04:00,11.2,11.215,11.2,11.215,23275.0
2019-08-14 11:05:00,11.215,11.215,11.195,11.2,67356.0
2019-08-14 11:06:00,11.205,11.205,11.19,11.19,32312.0
2019-08-14 11:07:00,11.195,11.2001,11.19,11.2,76880.0
2019-08-14 11:08:00,11.2,11.21,11.1904,11.205,65191.0
2019-08-14 11:09:00,11.205,11.22,11.2,11.215,178394.0
2019-08-14 11:10:00,11.21,11.22,11.21,11.215,166195.0
2019-08-14 11:11:00,11.215,11.23,11.21,11.215,74528.0
2019-08-14 11:12:00,11.215,11.215,11.21,11.215,9116.0
2019-08-14 11:13:00,11.215,11.225,11.21,11.225,143382.0
2019-08-14 11:14:00,11.22,11.23,11.2,11.2,44291.0
2019-08-14 11:15:00,11.2,11.21,11.195,11.195,21138.0
2019-08-14 11:16:00,11.195,11.1965,11.18,11.195,51385.0
2019-08-14 11:17:00,11.195,11.2,11.18,11.185,23269.0
2019-08-14 11:18:00,11.185,11.195,11.18,11.195,37259.0
2019-08-14 11:19:00,11.19,11.2,11.19,11.19,41799.0
2019-08-14 11:20:00,11.195,11.195,11.18,11.185,25278.0
2019-08-14 11:21:00,11.19,11.19,11.18,11.185,48509.0
2019-08-14 11:22:00,11.185,11.19,11.18,11.185,44729.0
2019-08-14 11:23:00,11.185,11.2,11.18,11.195,27443.0
2019-08-14 11:24:00,11.195,11.205,11.19,11.195,30889.0
2019-08-14 11:25:00,11.2,11.215,11.195,11.21,40687.0
2019-08-14 11:26:00,11.21,11.22,11.205,11.205,43198.0
2019-08-14 11:27:00,11.205,11.23,11.205,11.225,57597.0
2019-08-14 11:28:00,11.22,11.23,11.22,11.23,33921.0
2019-08-14 11:29:00,11.23,11.23,11.21,11.215,53020.0
2019-08-14 11:30:00,11.215,11.215,11.21,11.215,11533.0
2019-08-14 11:31:00,11.21,11.22,11.2,11.21,90883.0
2019-08-14 11:32:00,11.215,11.22,11.21,11.21,40775.0
2019-08-14 11:33:00,11.215,11.22,11.21,11.22,28080.0
2019-08-14 11:34:00,11.215,11.22,11.2,11.215,100963.0
2019-08-14 11:35:00,11.2186,11.22,11.21,11.215,39191.0
2019-08-14 11:36:00,11.215,11.22,11.2,11.2,43199.0
2019-08-14 11:37:00,11.205,11.205,11.19,11.19,21988.0
2019-08-14 11:38:00,11.19,11.2099,11.19,11.2,81061.0
2019-08-14 11:39:00,11.205,11.205,11.195,11.2,62591.0
2019-08-14 11:40:00,11.205,11.205,11.2,11.205,17980.0
2019-08-14 11:41:00,11.2096,11.21,11.19,11.19,39614.0
2019-08-14 11:42:00,11.19,11.2,11.19,11.19,10860.0
2019-08-14 11:43:00,11.19,11.2,11.19,11.195,7131.0
2019-08-14 11:44:00,11.19,11.205,11.19,11.205,55905.0
2019-08-14 11:45:00,11.205,11.225,11.2,11.22,95920.0
2019-08-14 11:46:00,11.22,11.23,11.2,11.2,200351.0
2019-08-14 11:47:00,11.2,11.21,11.19,11.2,49362.0
2019-08-14 11:48:00,11.2,11.21,11.19,11.19,33145.0
2019-08-14 11:49:00,11.195,11.2056,11.19,11.2,74446.0
2019-08-14 11:50:00,11.205,11.205,11.195,11.205,27247.0
2019-08-14 11:51:00,11.2,11.21,11.2,11.21,23724.0
2019-08-14 11:52:00,11.205,11.21,11.195,11.1987,40711.0
2019-08-14 11:53:00,11.19,11.205,11.19,11.205,44294.0
2019-08-14 11:54:00,11.205,11.205,11.2,11.205,5972.0
2019-08-14 11:55:00,11.2,11.21,11.2,11.205,49348.0
2019-08-14 11:56:00,11.21,11.21,11.2,11.205,5651.0
2019-08-14 12:00:00,11.205,11.21,11.205,11.205,115435.0
2019-08-14 12:01:00,11.2,11.2,11.18,11.195,111553.0
2019-08-14 12:02:00,11.195,11.2,11.19,11.195,11869.0
2019-08-14 12:03:00,11.19,11.19,11.18,11.18,14018.0
2019-08-14 12:04:00,11.18,11.195,11.18,11.19,28593.0
2019-08-14 12:05:00,11.19,11.2,11.18,11.18,13979.0
2019-08-14 12:06:00,11.18,11.185,11.18,11.18,6742.0
2019-08-14 12:07:00,11.18,11.18,11.18,11.18,5030.0
2019-08-14 12:08:00,11.18,11.185,11.17,11.185,50601.0
2019-08-14 12:09:00,11.18,11.19,11.18,11.1851,33840.0
2019-08-14 12:10:00,11.19,11.19,11.17,11.175,27713.0
2019-08-14 12:11:00,11.175,11.18,11.17,11.17,9147.0
2019-08-14 12:12:00,11.17,11.175,11.17,11.17,2396.0
2019-08-14 12:13:00,11.175,11.19,11.17,11.19,40424.0
2019-08-14 12:14:00,11.185,11.19,11.18,11.185,6011.0
2019-08-14 12:15:00,11.185,11.19,11.18,11.185,9063.0
2019-08-14 12:16:00,11.185,11.19,11.18,11.18,4361.0
2019-08-14 12:17:00,11.185,11.19,11.18,11.19,27988.0
2019-08-14 12:18:00,11.19,11.2,11.185,11.195,63258.0
2019-08-14 12:19:00,11.19,11.196,11.19,11.195,6385.0
2019-08-14 12:20:00,11.195,11.195,11.18,11.18,29526.0
2019-08-14 12:21:00,11.19,11.19,11.18,11.18,11692.0
2019-08-14 12:22:00,11.18,11.19,11.18,11.185,3494.0
2019-08-14 12:23:00,11.18,11.185,11.18,11.18,10817.0
2019-08-14 12:24:00,11.18,11.19,11.18,11.185,11304.0
2019-08-14 12:25:00,11.19,11.19,11.185,11.19,26954.0
2019-08-14 12:26:00,11.19,11.2,11.19,11.195,4410.0
2019-08-14 12:27:00,11.19,11.2,11.19,11.195,3509.0
2019-08-14 12:28:00,11.19,11.195,11.19,11.19,2046.0
2019-08-14 12:29:00,11.19,11.195,11.19,11.195,2300.0
2019-08-14 12:30:00,11.19,11.205,11.19,11.2,41332.0
2019-08-14 12:31:00,11.205,11.21,11.205,11.205,7396.0
2019-08-14 12:32:00,11.21,11.21,11.2,11.2,3619.0
2019-08-14 12:33:00,11.21,11.21,11.2,11.205,3693.0
2019-08-14 12:34:00,11.2,11.21,11.2,11.2,1630.0
2019-08-14 12:35:00,11.2,11.2056,11.2,11.2,13444.0
2019-08-14 12:36:00,11.205,11.21,11.2,11.2,5010.0
2019-08-14 12:37:00,11.2,11.21,11.19,11.19,17259.0
2019-08-14 12:38:00,11.195,11.205,11.19,11.2,27337.0
2019-08-14 12:39:00,11.21,11.21,11.2,11.2,5100.0
2019-08-14 12:40:00,11.2,11.21,11.2,11.2,3329.0
2019-08-14 12:41:00,11.2056,11.21,11.185,11.185,58270.0
2019-08-14 12:42:00,11.185,11.195,11.18,11.19,25937.0
2019-08-14 12:43:00,11.19,11.19,11.18,11.1878,18251.0
2019-08-14 12:44:00,11.18,11.205,11.18,11.2,87412.0
2019-08-14 12:45:00,11.205,11.21,11.19,11.19,13789.0
2019-08-14 12:46:00,11.19,11.195,11.19,11.19,859.0
2019-08-14 12:47:00,11.19,11.2,11.185,11.2,41342.0
2019-08-14 12:48:00,11.2,11.2,11.19,11.2,4890.0
2019-08-14 12:49:00,11.195,11.2,11.19,11.19,20223.0
2019-08-14 12:50:00,11.19,11.2,11.185,11.185,14271.0
2019-08-14 12:51:00,11.182,11.185,11.18,11.18,1910.0
2019-08-14 12:53:00,11.18,11.18,11.18,11.18,52609.0
2019-08-14 12:54:00,11.18,11.19,11.175,11.175,21875.0
2019-08-14 12:55:00,11.175,11.18,11.17,11.17,14011.0
2019-08-14 12:56:00,11.17,11.1797,11.145,11.15,112796.0
2019-08-14 12:57:00,11.15,11.17,11.14,11.16,186809.0
2019-08-14 12:58:00,11.16,11.17,11.15,11.15,21278.0
2019-08-14 12:59:00,11.15,11.16,11.14,11.14,52388.0
2019-08-14 13:00:00,11.14,11.15,11.14,11.15,17885.0
2019-08-14 13:01:00,11.14,11.145,11.13,11.14,88452.0
2019-08-14 13:02:00,11.14,11.145,11.13,11.14,37169.0
2019-08-14 13:03:00,11.14,11.15,11.13,11.15,49082.0
2019-08-14 13:04:00,11.145,11.16,11.14,11.15,30578.0
2019-08-14 13:05:00,11.15,11.15,11.15,11.15,15800.0
2019-08-14 13:06:00,11.15,11.155,11.15,11.15,2315.0
2019-08-14 13:07:00,11.155,11.16,11.14,11.14,26081.0
2019-08-14 13:08:00,11.15,11.15,11.145,11.15,26702.0
2019-08-14 13:09:00,11.15,11.15,11.14,11.15,29484.0
2019-08-14 13:10:00,11.15,11.15,11.145,11.145,21304.0
2019-08-14 13:11:00,11.15,11.15,11.14,11.14,9906.0
2019-08-14 13:12:00,11.14,11.15,11.14,11.15,2500.0
2019-08-14 13:13:00,11.14,11.15,11.135,11.15,103017.0
2019-08-14 13:14:00,11.15,11.17,11.14,11.16,115105.0
2019-08-14 13:15:00,11.165,11.17,11.16,11.16,27690.0
2019-08-14 13:16:00,11.1607,11.17,11.15,11.165,75117.0
2019-08-14 13:17:00,11.165,11.175,11.16,11.16,44245.0
2019-08-14 13:18:00,11.16,11.16,11.15,11.16,10479.0
2019-08-14 13:19:00,11.155,11.16,11.14,11.145,23327.0
2019-08-14 13:20:00,11.145,11.15,11.13,11.13,36275.0
2019-08-14 13:21:00,11.135,11.14,11.135,11.135,13473.0
2019-08-14 13:22:00,11.135,11.14,11.13,11.13,4407.0
2019-08-14 13:23:00,11.13,11.14,11.13,11.13,13280.0
2019-08-14 13:24:00,11.13,11.14,11.13,11.135,7112.0
2019-08-14 13:25:00,11.1365,11.15,11.13,11.145,50275.0
2019-08-14 13:26:00,11.14,11.16,11.14,11.16,48007.0
2019-08-14 13:27:00,11.155,11.16,11.14,11.15,34575.0
2019-08-14 13:28:00,11.15,11.16,11.15,11.16,157399.0
2019-08-14 13:29:00,11.16,11.17,11.15,11.155,73519.0
2019-08-14 13:30:00,11.15,11.16,11.15,11.15,4429.0
2019-08-14 13:31:00,11.15,11.16,11.15,11.16,7182.0
2019-08-14 13:32:00,11.16,11.165,11.14,11.14,30330.0
2019-08-14 13:33:00,11.14,11.15,11.14,11.15,5725.0
2019-08-14 13:34:00,11.14,11.15,11.14,11.15,37553.0
2019-08-14 13:35:00,11.145,11.17,11.145,11.17,140346.0
2019-08-14 13:36:00,11.165,11.175,11.16,11.17,105682.0
2019-08-14 13:37:00,11.18,11.18,11.17,11.17,47495.0
2019-08-14 13:38:00,11.17,11.18,11.17,11.17,40815.0
2019-08-14 13:39:00,11.175,11.19,11.17,11.185,42078.0
2019-08-14 13:40:00,11.18,11.19,11.17,11.17,53428.0
2019-08-14 13:41:00,11.17,11.2,11.17,11.2,173408.0
2019-08-14 13:42:00,11.195,11.2,11.19,11.2,29712.0
2019-08-14 13:43:00,11.2,11.2,11.19,11.195,21493.0
2019-08-14 13:44:00,11.19,11.22,11.19,11.21,140341.0
2019-08-14 13:45:00,11.21,11.22,11.2,11.2,54380.0
2019-08-14 13:46:00,11.2,11.21,11.19,11.195,146260.0
2019-08-14 13:47:00,11.19,11.205,11.19,11.2,119159.0
2019-08-14 13:48:00,11.195,11.195,11.18,11.18,23660.0
2019-08-14 13:49:00,11.18,11.18,11.17,11.17,18532.0
2019-08-14 13:50:00,11.17,11.175,11.165,11.175,25184.0
2019-08-14 13:51:00,11.175,11.18,11.17,11.17,18302.0
2019-08-14 13:52:00,11.17,11.175,11.155,11.16,34984.0
2019-08-14 13:53:00,11.16,11.16,11.145,11.15,68916.0
2019-08-14 13:54:00,11.15,11.155,11.145,11.15,126244.0
2019-08-14 13:55:00,11.145,11.145,11.13,11.13,21480.0
2019-08-14 13:56:00,11.13,11.13,11.125,11.125,31945.0
2019-08-14 13:57:00,11.13,11.14,11.13,11.135,15390.0
2019-08-14 13:58:00,11.13,11.13,11.13,11.13,21519.0
2019-08-14 13:59:00,11.13,11.135,11.13,11.135,3903.0
2019-08-14 14:00:00,11.13,11.13,11.125,11.13,26056.0
2019-08-14 14:01:00,11.13,11.14,11.13,11.14,7001.0
2019-08-14 14:02:00,11.14,11.15,11.13,11.135,54208.0
2019-08-14 14:03:00,11.13,11.135,11.125,11.13,42251.0
2019-08-14 14:04:00,11.13,11.14,11.125,11.125,21086.0
2019-08-14 14:05:00,11.12,11.13,11.12,11.13,3941.0
2019-08-14 14:06:00,11.12,11.125,11.115,11.12,27068.0
2019-08-14 14:07:00,11.115,11.13,11.115,11.125,33595.0
2019-08-14 14:08:00,11.12,11.135,11.12,11.135,28667.0
2019-08-14 14:09:00,11.135,11.135,11.125,11.125,35684.0
2019-08-14 14:10:00,11.13,11.135,11.12,11.13,28824.0
2019-08-14 14:11:00,11.13,11.13,11.115,11.12,57342.0
2019-08-14 14:12:00,11.12,11.14,11.12,11.135,58791.0
2019-08-14 14:13:00,11.13,11.14,11.13,11.135,19939.0
2019-08-14 14:14:00,11.13,11.14,11.12,11.12,41561.0
2019-08-14 14:15:00,11.125,11.13,11.11,11.12,37949.0
2019-08-14 14:16:00,11.12,11.12,11.115,11.12,33709.0
2019-08-14 14:17:00,11.12,11.12,11.11,11.12,15283.0
2019-08-14 14:18:00,11.12,11.14,11.12,11.13,38473.0
2019-08-14 14:19:00,11.13,11.135,11.125,11.1268,22485.0
2019-08-14 14:20:00,11.125,11.13,11.12,11.125,8437.0
2019-08-14 14:21:00,11.125,11.13,11.12,11.125,23507.0
2019-08-14 14:22:00,11.125,11.13,11.12,11.12,20462.0
2019-08-14 14:23:00,11.12,11.13,11.105,11.11,54953.0
2019-08-14 14:24:00,11.115,11.12,11.105,11.105,28362.0
2019-08-14 14:25:00,11.1,11.11,11.1,11.105,18032.0
2019-08-14 14:26:00,11.11,11.11,11.1,11.1,15951.0
2019-08-14 14:27:00,11.1,11.105,11.1,11.1,12641.0
2019-08-14 14:28:00,11.1,11.11,11.095,11.1,67444.0
2019-08-14 14:29:00,11.1,11.11,11.1,11.105,14408.0
2019-08-14 14:30:00,11.1,11.11,11.09,11.1,41756.0
2019-08-14 14:31:00,11.1,11.11,11.1,11.1,27301.0
2019-08-14 14:32:00,11.09,11.1,11.08,11.085,22046.0
2019-08-14 14:33:00,11.09,11.1,11.085,11.09,56710.0
2019-08-14 14:34:00,11.085,11.095,11.08,11.095,42870.0
2019-08-14 14:35:00,11.095,11.095,11.07,11.09,122340.0
2019-08-14 14:36:00,11.085,11.095,11.07,11.07,130023.0
2019-08-14 14:37:00,11.07,11.08,11.07,11.07,19864.0
2019-08-14 14:38:00,11.07,11.08,11.07,11.075,15761.0
2019-08-14 14:39:00,11.07,11.08,11.065,11.07,76700.0
2019-08-14 14:40:00,11.07,11.08,11.07,11.07,44135.0
2019-08-14 14:41:00,11.07,11.095,11.065,11.085,167020.0
2019-08-14 14:42:00,11.08,11.085,11.07,11.08,59238.0
2019-08-14 14:43:00,11.08,11.095,11.08,11.09,62920.0
2019-08-14 14:44:00,11.09,11.09,11.085,11.09,14861.0
2019-08-14 14:45:00,11.09,11.1,11.07,11.09,86622.0
2019-08-14 14:46:00,11.09,11.1,11.08,11.09,77514.0
2019-08-14 14:47:00,11.085,11.09,11.075,11.09,60585.0
2019-08-14 14:48:00,11.09,11.095,11.085,11.09,46067.0
2019-08-14 14:49:00,11.09,11.1,11.085,11.09,62565.0
2019-08-14 14:50:00,11.095,11.105,11.09,11.1,85736.0
2019-08-14 14:51:00,11.1,11.1,11.09,11.1,72010.0
2019-08-14 14:52:00,11.1,11.1,11.09,11.1,34724.0
2019-08-14 14:53:00,11.1,11.11,11.1,11.1,107053.0
2019-08-14 14:54:00,11.1,11.11,11.095,11.1,43294.0
2019-08-14 14:55:00,11.095,11.1,11.09,11.095,23518.0
2019-08-14 14:56:00,11.095,11.11,11.095,11.11,36101.0
2019-08-14 14:57:00,11.1,11.11,11.1,11.11,26450.0
2019-08-14 14:58:00,11.105,11.11,11.09,11.11,127247.0
2019-08-14 14:59:00,11.1,11.11,11.1,11.11,23238.0
2019-08-14 15:00:00,11.11,11.11,11.1,11.1,33167.0
2019-08-14 15:01:00,11.105,11.11,11.09,11.1,43916.0
2019-08-14 15:02:00,11.1,11.11,11.095,11.11,41552.0
2019-08-14 15:03:00,11.1,11.11,11.1,11.105,29518.0
2019-08-14 15:04:00,11.105,11.12,11.1,11.11,177335.0
2019-08-14 15:05:00,11.11,11.12,11.105,11.12,126889.0
2019-08-14 15:06:00,11.11,11.12,11.11,11.12,22112.0
2019-08-14 15:07:00,11.12,11.12,11.1,11.105,65154.0
2019-08-14 15:08:00,11.1,11.12,11.1,11.11,255373.0
2019-08-14 15:09:00,11.105,11.11,11.1,11.105,14115.0
2019-08-14 15:10:00,11.105,11.11,11.095,11.11,67681.0
2019-08-14 15:11:00,11.11,11.115,11.105,11.11,197306.0
2019-08-14 15:12:00,11.11,11.11,11.1,11.105,21832.0
2019-08-14 15:13:00,11.105,11.11,11.1,11.105,237737.0
2019-08-14 15:14:00,11.1,11.11,11.095,11.095,65892.0
2019-08-14 15:15:00,11.095,11.1,11.08,11.085,81295.0
2019-08-14 15:16:00,11.085,11.09,11.08,11.08,70742.0
2019-08-14 15:17:00,11.08,11.09,11.08,11.09,47586.0
2019-08-14 15:18:00,11.0851,11.09,11.08,11.085,32888.0
2019-08-14 15:19:00,11.085,11.09,11.08,11.08,37064.0
2019-08-14 15:20:00,11.085,11.0863,11.08,11.08,46267.0
2019-08-14 15:21:00,11.08,11.09,11.07,11.075,114616.0
2019-08-14 15:22:00,11.075,11.075,11.07,11.075,26267.0
2019-08-14 15:23:00,11.07,11.08,11.06,11.065,21178.0
2019-08-14 15:24:00,11.065,11.07,11.05,11.0685,133338.0
2019-08-14 15:25:00,11.07,11.08,11.065,11.075,61497.0
2019-08-14 15:26:00,11.07,11.1,11.07,11.095,85531.0
2019-08-14 15:27:00,11.09,11.095,11.075,11.08,96469.0
2019-08-14 15:28:00,11.08,11.09,11.07,11.09,123218.0
2019-08-14 15:29:00,11.09,11.11,11.085,11.105,110583.0
2019-08-14 15:30:00,11.105,11.11,11.09,11.105,126551.0
2019-08-14 15:31:00,11.1,11.1,11.08,11.085,58794.0
2019-08-14 15:32:00,11.08,11.095,11.07,11.09,157251.0
2019-08-14 15:33:00,11.095,11.11,11.095,11.1,45200.0
2019-08-14 15:34:00,11.1,11.11,11.09,11.09,75397.0
2019-08-14 15:35:00,11.09,11.11,11.09,11.11,172204.0
2019-08-14 15:36:00,11.11,11.14,11.105,11.13,593753.0
2019-08-14 15:37:00,11.13,11.135,11.11,11.11,196151.0
2019-08-14 15:38:00,11.115,11.135,11.11,11.125,133017.0
2019-08-14 15:39:00,11.125,11.125,11.11,11.115,50573.0
2019-08-14 15:40:00,11.115,11.14,11.115,11.135,90244.0
2019-08-14 15:41:00,11.13,11.135,11.115,11.12,131954.0
2019-08-14 15:42:00,11.115,11.12,11.1,11.105,76151.0
2019-08-14 15:43:00,11.11,11.12,11.105,11.11,422371.0
2019-08-14 15:44:00,11.115,11.12,11.09,11.11,405840.0
2019-08-14 15:45:00,11.11,11.115,11.08,11.085,202941.0
2019-08-14 15:46:00,11.085,11.09,11.07,11.08,249881.0
2019-08-14 15:47:00,11.08,11.09,11.07,11.075,156737.0
2019-08-14 15:48:00,11.07,11.075,11.06,11.075,122080.0
2019-08-14 15:49:00,11.07,11.075,11.065,11.07,222772.0
2019-08-14 15:50:00,11.075,11.08,11.07,11.08,80067.0
2019-08-14 15:51:00,11.08,11.1,11.08,11.085,306229.0
2019-08-14 15:52:00,11.08,11.09,11.06,11.07,189321.0
2019-08-14 15:53:00,11.065,11.08,11.06,11.07,224483.0
2019-08-14 15:54:00,11.07,11.085,11.07,11.085,353280.0
2019-08-14 15:55:00,11.08,11.09,11.07,11.075,232468.0
2019-08-14 15:56:00,11.07,11.08,11.07,11.075,102219.0
2019-08-14 15:57:00,11.07,11.08,11.06,11.08,187352.0
2019-08-14 15:58:00,11.075,11.08,11.07,11.075,179807.0
2019-08-14 15:59:00,11.075,11.08,11.06,11.06,282315.0
2019-08-14 16:00:00,11.06,11.065,11.05,11.055,273471.0
2019-08-15 09:31:00,11.07,11.09,11.06,11.09,240257.0
2019-08-15 09:32:00,11.09,11.1,11.06,11.08,19659.0
2019-08-15 09:33:00,11.07,11.09,11.06,11.06,80198.0
2019-08-15 09:34:00,11.06,11.07,11.05,11.06,24154.0
2019-08-15 09:35:00,11.06,11.07,11.03,11.03,115865.0
2019-08-15 09:36:00,11.03,11.03,11.005,11.01,37729.0
2019-08-15 09:37:00,11.02,11.025,10.98,10.99,76598.0
2019-08-15 09:38:00,10.99,10.995,10.96,10.96,50563.0
2019-08-15 09:39:00,10.96,10.985,10.955,10.955,29362.0
2019-08-15 09:40:00,10.95,10.95,10.93,10.93,50121.0
2019-08-15 09:41:00,10.925,10.935,10.885,10.89,41692.0
2019-08-15 09:42:00,10.89,10.915,10.87,10.91,111628.0
2019-08-15 09:43:00,10.91,10.91,10.9,10.91,68620.0
2019-08-15 09:44:00,10.9,10.96,10.9,10.95,17832.0
2019-08-15 09:45:00,10.95,10.96,10.91,10.93,194492.0
2019-08-15 09:46:00,10.93,10.96,10.93,10.96,48898.0
2019-08-15 09:47:00,10.96,10.97,10.93,10.94,170975.0
2019-08-15 09:48:00,10.94,10.945,10.91,10.92,113017.0
2019-08-15 09:49:00,10.92,10.96,10.91,10.96,242936.0
2019-08-15 09:50:00,10.96,10.96,10.94,10.94,19025.0
2019-08-15 09:51:00,10.94,10.94,10.91,10.92,20956.0
2019-08-15 09:52:00,10.91,10.92,10.89,10.91,68581.0
2019-08-15 09:53:00,10.92,10.945,10.92,10.945,11331.0
2019-08-15 09:54:00,10.94,10.94,10.91,10.91,19551.0
2019-08-15 09:55:00,10.92,10.945,10.9,10.945,134354.0
2019-08-15 09:56:00,10.95,10.97,10.94,10.95,60547.0
2019-08-15 09:57:00,10.95,10.96,10.93,10.96,139126.0
2019-08-15 09:58:00,10.96,10.97,10.95,10.955,33441.0
2019-08-15 09:59:00,10.96,10.97,10.94,10.965,99493.0
2019-08-15 10:00:00,10.97,11.01,10.97,10.99,84050.0
2019-08-15 10:01:00,11.0,11.01,10.99,11.0,16127.0
2019-08-15 10:02:00,11.01,11.02,11.0,11.0,26779.0
2019-08-15 10:03:00,11.005,11.005,10.97,10.97,48984.0
2019-08-15 10:04:00,10.965,10.995,10.955,10.99,82075.0
2019-08-15 10:05:00,10.9859,11.0,10.98,10.985,15697.0
2019-08-15 10:06:00,10.985,10.9897,10.97,10.98,101160.0
2019-08-15 10:07:00,10.97,10.97,10.935,10.94,47290.0
2019-08-15 10:08:00,10.94,10.94,10.9,10.91,558398.0
2019-08-15 10:09:00,10.91,10.92,10.9,10.915,246091.0
2019-08-15 10:10:00,10.92,10.95,10.92,10.95,43860.0
2019-08-15 10:11:00,10.95,10.965,10.95,10.96,45349.0
2019-08-15 10:12:00,10.96,10.97,10.96,10.97,43450.0
2019-08-15 10:13:00,10.98,11.0,10.98,11.0,41326.0
2019-08-15 10:14:00,10.99,11.0,10.99,11.0,29787.0
2019-08-15 10:15:00,11.0,11.015,10.99,11.01,221367.0
2019-08-15 10:16:00,11.01,11.02,11.01,11.02,46629.0
2019-08-15 10:17:00,11.015,11.02,10.98,10.99,66558.0
2019-08-15 10:18:00,10.99,11.0,10.98,11.0,40183.0
2019-08-15 10:19:00,11.0,11.0,10.98,10.99,21435.0
2019-08-15 10:20:00,10.99,11.0,10.99,10.995,29547.0
2019-08-15 10:21:00,10.99,10.99,10.98,10.98,13817.0
2019-08-15 10:22:00,10.97,10.985,10.97,10.98,8984.0
2019-08-15 10:23:00,10.98,10.98,10.97,10.98,13539.0
2019-08-15 10:24:00,10.99,11.0087,10.99,10.99,30561.0
2019-08-15 10:25:00,10.99,11.0,10.98,10.98,61834.0
2019-08-15 10:26:00,10.98,10.99,10.98,10.98,9673.0
2019-08-15 10:27:00,10.98,11.0,10.98,11.0,34013.0
2019-08-15 10:28:00,10.99,11.0,10.99,11.0,10950.0
2019-08-15 10:29:00,11.005,11.01,11.0,11.0,11610.0
2019-08-15 10:30:00,11.0,11.0,10.97,10.97,48212.0
2019-08-15 10:31:00,10.97,10.97,10.945,10.965,68889.0
2019-08-15 10:32:00,10.97,10.98,10.965,10.97,62635.0
2019-08-15 10:33:00,10.98,10.98,10.97,10.98,13842.0
2019-08-15 10:34:00,10.98,10.995,10.98,10.99,17550.0
2019-08-15 10:35:00,10.9825,10.99,10.98,10.99,17640.0
2019-08-15 10:36:00,10.99,10.99,10.98,10.98,16938.0
2019-08-15 10:37:00,10.985,10.985,10.97,10.98,15733.0
2019-08-15 10:38:00,10.98,10.98,10.97,10.97,19729.0
2019-08-15 10:39:00,10.96,10.96,10.95,10.9531,12013.0
2019-08-15 10:40:00,10.96,10.965,10.95,10.95,13261.0
2019-08-15 10:41:00,10.95,10.97,10.94,10.965,23898.0
2019-08-15 10:42:00,10.96,10.97,10.96,10.97,5912.0
2019-08-15 10:43:00,10.97,10.98,10.96,10.98,18657.0
2019-08-15 10:44:00,10.97,10.975,10.965,10.97,6440.0
2019-08-15 10:45:00,10.97,10.97,10.96,10.97,14546.0
2019-08-15 10:46:00,10.97,10.99,10.97,10.98,28779.0
2019-08-15 10:47:00,10.98,10.998,10.98,10.99,14067.0
2019-08-15 10:48:00,10.9923,11.0,10.98,10.99,10003.0
2019-08-15 10:49:00,10.99,10.99,10.96,10.97,16974.0
2019-08-15 10:50:00,10.97,10.975,10.97,10.97,4220.0
2019-08-15 10:51:00,10.97,10.98,10.965,10.975,14535.0
2019-08-15 10:52:00,10.98,10.98,10.97,10.98,3961.0
2019-08-15 10:53:00,10.98,10.985,10.97,10.985,7812.0
2019-08-15 10:54:00,10.99,10.995,10.98,10.985,11594.0
2019-08-15 10:55:00,10.98,10.99,10.98,10.985,2670.0
2019-08-15 10:56:00,10.99,10.995,10.98,10.98,21915.0
2019-08-15 10:57:00,10.98,10.98,10.97,10.98,7094.0
2019-08-15 10:58:00,10.975,10.98,10.95,10.96,33656.0
2019-08-15 10:59:00,10.96,10.97,10.96,10.965,6760.0
2019-08-15 11:00:00,10.96,10.965,10.95,10.96,25266.0
2019-08-15 11:01:00,10.96,10.96,10.95,10.96,31100.0
2019-08-15 11:02:00,10.965,10.965,10.955,10.955,17401.0
2019-08-15 11:03:00,10.96,10.97,10.96,10.965,5481.0
2019-08-15 11:04:00,10.965,10.975,10.96,10.97,39820.0
2019-08-15 11:05:00,10.965,10.97,10.955,10.965,19860.0
2019-08-15 11:06:00,10.965,10.98,10.96,10.98,8927.0
2019-08-15 11:07:00,10.97,10.975,10.96,10.97,31084.0
2019-08-15 11:08:00,10.97,10.97,10.96,10.965,19626.0
2019-08-15 11:09:00,10.96,10.965,10.95,10.96,49875.0
2019-08-15 11:10:00,10.96,10.965,10.955,10.965,5979.0
2019-08-15 11:11:00,10.96,10.97,10.95,10.95,98525.0
2019-08-15 11:12:00,10.95,10.975,10.95,10.96,136821.0
2019-08-15 11:13:00,10.96,10.97,10.955,10.96,21241.0
2019-08-15 11:14:00,10.97,10.975,10.965,10.965,242360.0
2019-08-15 11:15:00,10.965,10.965,10.955,10.96,16570.0
2019-08-15 11:16:00,10.955,10.96,10.95,10.95,3846.0
2019-08-15 11:17:00,10.95,10.96,10.95,10.95,5017.0
2019-08-15 11:18:00,10.955,10.96,10.95,10.95,6100.0
2019-08-15 11:19:00,10.96,10.97,10.955,10.96,31978.0
2019-08-15 11:20:00,10.96,10.965,10.955,10.96,16717.0
2019-08-15 11:21:00,10.955,10.955,10.94,10.945,23557.0
2019-08-15 11:22:00,10.945,10.95,10.94,10.94,48027.0
2019-08-15 11:23:00,10.94,10.95,10.94,10.945,33993.0
2019-08-15 11:24:00,10.95,10.955,10.945,10.955,28238.0
2019-08-15 11:25:00,10.955,10.98,10.955,10.98,35207.0
2019-08-15 11:26:00,10.97,10.98,10.97,10.98,8425.0
2019-08-15 11:27:00,10.975,10.98,10.97,10.97,16971.0
2019-08-15 11:28:00,10.98,11.0,10.98,10.99,25717.0
2019-08-15 11:29:00,10.99,10.99,10.98,10.98,26032.0
2019-08-15 11:30:00,10.98,10.99,10.97,10.985,16317.0
2019-08-15 11:31:00,10.99,10.99,10.98,10.985,12484.0
2019-08-15 11:32:00,10.98,10.985,10.98,10.985,20489.0
2019-08-15 11:33:00,10.98,10.99,10.98,10.98,17928.0
2019-08-15 11:34:00,10.98,10.99,10.98,10.99,3481.0
2019-08-15 11:35:00,10.99,10.99,10.975,10.98,119350.0
2019-08-15 11:36:00,10.98,10.99,10.98,10.99,4182.0
2019-08-15 11:37:00,10.99,10.99,10.98,10.985,5055.0
2019-08-15 11:38:00,10.98,10.985,10.98,10.98,8355.0
2019-08-15 11:39:00,10.98,10.99,10.98,10.985,3901.0
2019-08-15 11:40:00,10.98,10.99,10.98,10.99,3645.0
2019-08-15 11:41:00,10.99,10.99,10.985,10.99,9514.0
2019-08-15 11:42:00,10.99,10.99,10.985,10.985,7808.0
2019-08-15 11:43:00,10.985,10.985,10.97,10.975,22808.0
2019-08-15 11:44:00,10.975,10.975,10.965,10.97,22385.0
2019-08-15 11:45:00,10.97,10.97,10.965,10.97,3402.0
2019-08-15 11:46:00,10.97,10.97,10.965,10.97,2612.0
2019-08-15 11:47:00,10.97,10.97,10.97,10.97,2412.0
2019-08-15 11:48:00,10.965,10.97,10.965,10.97,6947.0
2019-08-15 11:49:00,10.9699,10.9699,10.96,10.965,26900.0
2019-08-15 11:50:00,10.965,10.97,10.96,10.96,4695.0
2019-08-15 11:51:00,10.97,10.97,10.96,10.9699,16704.0
2019-08-15 11:52:00,10.965,10.965,10.96,10.965,3949.0
2019-08-15 11:53:00,10.97,10.97,10.96,10.97,3277.0
2019-08-15 11:54:00,10.965,10.97,10.96,10.97,7745.0
2019-08-15 11:55:00,10.97,10.98,10.97,10.98,11608.0
2019-08-15 11:56:00,10.97,10.98,10.97,10.98,9147.0
2019-08-15 11:57:00,10.98,10.98,10.975,10.98,7258.0
2019-08-15 11:58:00,10.98,10.98,10.975,10.98,1318.0
2019-08-15 11:59:00,10.98,10.99,10.98,10.99,5999.0
2019-08-15 12:00:00,10.99,10.99,10.9867,10.99,6984.0
2019-08-15 12:01:00,10.99,10.99,10.9867,10.99,3959.0
2019-08-15 12:02:00,10.99,10.99,10.985,10.99,7577.0
2019-08-15 12:03:00,10.99,10.99,10.985,10.99,1000.0
2019-08-15 12:04:00,10.99,11.0,10.985,11.0,20293.0
2019-08-15 12:05:00,10.995,10.9953,10.98,10.995,124309.0
2019-08-15 12:06:00,10.99,11.02,10.99,11.015,25753.0
2019-08-15 12:07:00,11.01,11.02,11.0,11.01,82425.0
2019-08-15 12:08:00,11.0,11.01,10.99,11.0,114429.0
2019-08-15 12:09:00,10.995,11.0,10.98,10.995,127995.0
2019-08-15 12:10:00,10.995,11.0,10.975,10.98,85117.0
2019-08-15 12:11:00,10.97,10.975,10.965,10.975,103963.0
2019-08-15 12:12:00,10.975,10.975,10.97,10.975,2172.0
2019-08-15 12:13:00,10.975,10.98,10.97,10.975,1341.0
2019-08-15 12:14:00,10.97,10.975,10.96,10.96,16404.0
2019-08-15 12:15:00,10.96,10.965,10.96,10.965,3358.0
2019-08-15 12:16:00,10.965,10.97,10.96,10.965,2010.0
2019-08-15 12:17:00,10.965,10.97,10.96,10.96,27042.0
2019-08-15 12:18:00,10.96,10.97,10.96,10.96,1128.0
2019-08-15 12:19:00,10.965,10.965,10.96,10.965,705.0
2019-08-15 12:20:00,10.97,10.98,10.97,10.975,22321.0
2019-08-15 12:21:00,10.97,10.975,10.96,10.97,3768.0
2019-08-15 12:22:00,10.97,10.97,10.96,10.96,700.0
2019-08-15 12:23:00,10.96,10.965,10.95,10.95,53419.0
2019-08-15 12:24:00,10.95,10.955,10.945,10.95,50056.0
2019-08-15 12:25:00,10.95,10.96,10.9417,10.96,10927.0
2019-08-15 12:26:00,10.955,10.96,10.95,10.96,6497.0
2019-08-15 12:27:00,10.955,10.96,10.95,10.96,6840.0
2019-08-15 12:28:00,10.955,10.96,10.95,10.96,1783.0
2019-08-15 12:29:00,10.96,10.96,10.95,10.955,13871.0
2019-08-15 12:30:00,10.955,10.955,10.94,10.945,33007.0
2019-08-15 12:31:00,10.95,10.95,10.94,10.945,3204.0
2019-08-15 12:32:00,10.945,10.95,10.94,10.95,4139.0
2019-08-15 12:33:00,10.945,10.95,10.94,10.95,1350.0
2019-08-15 12:34:00,10.945,10.9571,10.94,10.9563,29740.0
2019-08-15 12:35:00,10.96,10.96,10.95,10.95,21179.0
2019-08-15 12:36:00,10.96,10.96,10.955,10.96,1720.0
2019-08-15 12:37:00,10.96,10.96,10.96,10.96,1141.0
2019-08-15 12:38:00,10.96,10.96,10.95,10.96,20682.0
2019-08-15 12:39:00,10.95,10.96,10.95,10.955,1302.0
2019-08-15 12:40:00,10.95,10.96,10.95,10.955,3133.0
2019-08-15 12:41:00,10.955,10.97,10.955,10.965,43849.0
2019-08-15 12:42:00,10.96,10.965,10.95,10.96,62470.0
2019-08-15 12:43:00,10.95,10.96,10.95,10.96,1672.0
2019-08-15 12:44:00,10.96,10.96,10.955,10.955,1336.0
2019-08-15 12:45:00,10.955,10.96,10.95,10.955,10256.0
2019-08-15 12:46:00,10.955,10.96,10.95,10.95,1983.0
2019-08-15 12:47:00,10.96,10.96,10.95,10.955,3020.0
2019-08-15 12:48:00,10.95,10.96,10.95,10.955,3008.0
2019-08-15 12:49:00,10.955,10.955,10.95,10.955,3016.0
2019-08-15 12:50:00,10.95,10.96,10.95,10.955,31949.0
2019-08-15 12:51:00,10.955,10.96,10.95,10.95,3620.0
2019-08-15 12:52:00,10.955,10.97,10.95,10.96,46486.0
2019-08-15 12:53:00,10.95,10.955,10.95,10.955,104189.0
2019-08-15 12:54:00,10.96,10.96,10.95,10.955,38602.0
2019-08-15 12:55:00,10.955,10.955,10.955,10.955,500.0
2019-08-15 12:56:00,10.955,10.96,10.95,10.95,10893.0
2019-08-15 12:57:00,10.95,10.96,10.95,10.955,13950.0
2019-08-15 12:58:00,10.955,10.98,10.955,10.97,160334.0
2019-08-15 12:59:00,10.965,10.97,10.96,10.965,2966.0
2019-08-15 13:00:00,10.97,10.97,10.965,10.97,37609.0
2019-08-15 13:01:00,10.965,10.965,10.925,10.94,147823.0
2019-08-15 13:02:00,10.935,10.94,10.93,10.93,14115.0
2019-08-15 13:03:00,10.93,10.935,10.91,10.91,39395.0
2019-08-15 13:04:00,10.91,10.92,10.905,10.915,41468.0
2019-08-15 13:05:00,10.91,10.92,10.9,10.91,48418.0
2019-08-15 13:06:00,10.91,10.915,10.91,10.91,5481.0
2019-08-15 13:07:00,10.92,10.93,10.92,10.92,14209.0
2019-08-15 13:08:00,10.925,10.93,10.925,10.93,2022.0
2019-08-15 13:09:00,10.925,10.93,10.92,10.92,2194.0
2019-08-15 13:10:00,10.92,10.9269,10.92,10.92,8391.0
2019-08-15 13:11:00,10.92,10.92,10.9,10.9,38770.0
2019-08-15 13:12:00,10.905,10.9059,10.895,10.9,46733.0
2019-08-15 13:13:00,10.9,10.91,10.9,10.905,5360.0
2019-08-15 13:14:00,10.9078,10.91,10.9,10.91,7957.0
2019-08-15 13:15:00,10.9,10.92,10.9,10.915,31117.0
2019-08-15 13:16:00,10.915,10.915,10.91,10.91,2970.0
2019-08-15 13:17:00,10.92,10.92,10.915,10.915,951.0
2019-08-15 13:18:00,10.915,10.92,10.915,10.92,280.0
2019-08-15 13:19:00,10.92,10.93,10.92,10.92,22620.0
2019-08-15 13:20:00,10.925,10.925,10.91,10.92,20889.0
2019-08-15 13:21:00,10.92,10.92,10.915,10.92,1510.0
2019-08-15 13:22:00,10.9147,10.93,10.9144,10.93,15029.0
2019-08-15 13:23:00,10.925,10.925,10.915,10.92,8957.0
2019-08-15 13:24:00,10.92,10.925,10.92,10.925,16793.0
2019-08-15 13:25:00,10.93,10.93,10.915,10.92,25680.0
2019-08-15 13:26:00,10.92,10.92,10.915,10.92,3904.0
2019-08-15 13:27:00,10.915,10.915,10.9018,10.91,30616.0
2019-08-15 13:28:00,10.91,10.91,10.905,10.905,1410.0
2019-08-15 13:29:00,10.91,10.91,10.9,10.905,4938.0
2019-08-15 13:30:00,10.905,10.91,10.905,10.91,3144.0
2019-08-15 13:31:00,10.91,10.92,10.91,10.915,20152.0
2019-08-15 13:32:00,10.91,10.915,10.905,10.905,53901.0
2019-08-15 13:33:00,10.905,10.91,10.9,10.905,4101.0
2019-08-15 13:34:00,10.905,10.91,10.905,10.91,2500.0
2019-08-15 13:35:00,10.91,10.92,10.905,10.915,11325.0
2019-08-15 13:36:00,10.91,10.915,10.9,10.905,26529.0
2019-08-15 13:37:00,10.905,10.905,10.89,10.895,110742.0
2019-08-15 13:38:00,10.895,10.905,10.88,10.88,180300.0
2019-08-15 13:39:00,10.885,10.895,10.885,10.895,28482.0
2019-08-15 13:40:00,10.895,10.895,10.885,10.885,46034.0
2019-08-15 13:41:00,10.89,10.89,10.875,10.875,40405.0
2019-08-15 13:42:00,10.875,10.875,10.865,10.87,28146.0
2019-08-15 13:43:00,10.865,10.865,10.85,10.85,103621.0
2019-08-15 13:44:00,10.85,10.86,10.84,10.855,213335.0
2019-08-15 13:45:00,10.85,10.86,10.85,10.855,19756.0
2019-08-15 13:46:00,10.855,10.855,10.83,10.84,184558.0
2019-08-15 13:47:00,10.835,10.84,10.825,10.83,23261.0
2019-08-15 13:48:00,10.83,10.83,10.8,10.8,119871.0
2019-08-15 13:49:00,10.8,10.805,10.78,10.785,276209.0
2019-08-15 13:50:00,10.78,10.825,10.775,10.825,282901.0
2019-08-15 13:51:00,10.825,10.835,10.79,10.795,133461.0
2019-08-15 13:52:00,10.795,10.795,10.77,10.785,40313.0
2019-08-15 13:53:00,10.78,10.795,10.775,10.79,41730.0
2019-08-15 13:54:00,10.79,10.8,10.76,10.76,34839.0
2019-08-15 13:55:00,10.77,10.775,10.759,10.77,39950.0
2019-08-15 13:56:00,10.77,10.77,10.75,10.76,27127.0
2019-08-15 13:57:00,10.76,10.77,10.755,10.76,62339.0
2019-08-15 13:58:00,10.765,10.765,10.74,10.745,47342.0
2019-08-15 13:59:00,10.75,10.75,10.715,10.72,165409.0
2019-08-15 14:00:00,10.72,10.72,10.69,10.705,236181.0
2019-08-15 14:01:00,10.705,10.705,10.68,10.705,160709.0
2019-08-15 14:02:00,10.7,10.72,10.69,10.72,88920.0
2019-08-15 14:03:00,10.72,10.735,10.71,10.735,120524.0
2019-08-15 14:04:00,10.73,10.74,10.72,10.73,60944.0
2019-08-15 14:05:00,10.73,10.73,10.7,10.71,197199.0
2019-08-15 14:06:00,10.71,10.72,10.705,10.72,197722.0
2019-08-15 14:07:00,10.715,10.7251,10.71,10.72,165154.0
2019-08-15 14:08:00,10.715,10.72,10.7,10.7,30877.0
2019-08-15 14:09:00,10.71,10.73,10.705,10.73,52927.0
2019-08-15 14:10:00,10.72,10.725,10.715,10.72,43944.0
2019-08-15 14:11:00,10.73,10.76,10.725,10.755,151013.0
2019-08-15 14:12:00,10.75,10.755,10.74,10.745,43126.0
2019-08-15 14:13:00,10.74,10.75,10.735,10.75,17396.0
2019-08-15 14:14:00,10.745,10.75,10.735,10.75,41601.0
2019-08-15 14:15:00,10.75,10.76,10.745,10.75,104155.0
2019-08-15 14:16:00,10.75,10.76,10.735,10.735,45151.0
2019-08-15 14:17:00,10.74,10.75,10.73,10.735,147005.0
2019-08-15 14:18:00,10.735,10.75,10.73,10.74,38060.0
2019-08-15 14:19:00,10.74,10.74,10.71,10.72,318040.0
2019-08-15 14:20:00,10.72,10.73,10.72,10.73,37770.0
2019-08-15 14:21:00,10.73,10.74,10.725,10.74,131325.0
2019-08-15 14:22:00,10.735,10.75,10.735,10.75,50735.0
2019-08-15 14:23:00,10.75,10.79,10.745,10.78,441597.0
2019-08-15 14:24:00,10.78,10.79,10.765,10.765,196635.0
2019-08-15 14:25:00,10.765,10.77,10.75,10.75,36006.0
2019-08-15 14:26:00,10.75,10.77,10.75,10.755,32084.0
2019-08-15 14:27:00,10.755,10.765,10.75,10.76,44794.0
2019-08-15 14:28:00,10.76,10.77,10.76,10.77,13766.0
2019-08-15 14:29:00,10.765,10.765,10.75,10.755,24599.0
2019-08-15 14:30:00,10.76,10.76,10.745,10.75,29967.0
2019-08-15 14:31:00,10.75,10.755,10.735,10.75,102475.0
2019-08-15 14:32:00,10.75,10.76,10.75,10.755,14620.0
2019-08-15 14:33:00,10.755,10.765,10.755,10.76,33540.0
2019-08-15 14:34:00,10.765,10.77,10.75,10.75,38850.0
2019-08-15 14:35:00,10.75,10.76,10.75,10.76,18765.0
2019-08-15 14:36:00,10.76,10.775,10.76,10.76,53059.0
2019-08-15 14:37:00,10.765,10.77,10.755,10.77,25316.0
2019-08-15 14:38:00,10.77,10.78,10.76,10.76,53670.0
2019-08-15 14:39:00,10.76,10.765,10.74,10.745,182335.0
2019-08-15 14:40:00,10.745,10.755,10.735,10.74,133924.0
2019-08-15 14:41:00,10.74,10.765,10.74,10.76,25636.0
2019-08-15 14:42:00,10.76,10.78,10.76,10.775,49417.0
2019-08-15 14:43:00,10.78,10.785,10.76,10.765,55752.0
2019-08-15 14:44:00,10.76,10.78,10.76,10.77,18842.0
2019-08-15 14:45:00,10.775,10.78,10.76,10.775,51288.0
2019-08-15 14:46:00,10.78,10.785,10.775,10.78,33216.0
2019-08-15 14:47:00,10.78,10.7956,10.78,10.79,56612.0
2019-08-15 14:48:00,10.785,10.81,10.785,10.8,67488.0
2019-08-15 14:49:00,10.8,10.82,10.79,10.81,153206.0
2019-08-15 14:50:00,10.815,10.815,10.8,10.8,46560.0
2019-08-15 14:51:00,10.8,10.805,10.785,10.8,110668.0
2019-08-15 14:52:00,10.8,10.81,10.795,10.81,16482.0
2019-08-15 14:53:00,10.81,10.81,10.78,10.7993,45591.0
2019-08-15 14:54:00,10.79,10.805,10.785,10.805,11185.0
2019-08-15 14:55:00,10.805,10.805,10.79,10.8,33722.0
2019-08-15 14:56:00,10.81,10.81,10.7938,10.805,31219.0
2019-08-15 14:57:00,10.8,10.81,10.8,10.81,6766.0
2019-08-15 14:58:00,10.81,10.82,10.81,10.82,3530.0
2019-08-15 14:59:00,10.82,10.82,10.815,10.8158,3301.0
2019-08-15 15:00:00,10.82,10.83,10.815,10.825,35363.0
2019-08-15 15:01:00,10.82,10.84,10.82,10.84,23951.0
2019-08-15 15:02:00,10.84,10.84,10.835,10.84,8611.0
2019-08-15 15:03:00,10.84,10.86,10.8396,10.85,71038.0
2019-08-15 15:04:00,10.85,10.88,10.85,10.88,23832.0
2019-08-15 15:05:00,10.88,10.89,10.87,10.89,42434.0
2019-08-15 15:06:00,10.89,10.895,10.88,10.89,22335.0
2019-08-15 15:07:00,10.89,10.895,10.875,10.88,84051.0
2019-08-15 15:08:00,10.875,10.89,10.875,10.885,8855.0
2019-08-15 15:09:00,10.885,10.91,10.885,10.91,156394.0
2019-08-15 15:10:00,10.9,10.91,10.895,10.895,147731.0
2019-08-15 15:11:00,10.9,10.91,10.89,10.89,37548.0
2019-08-15 15:12:00,10.89,10.92,10.885,10.9,194625.0
2019-08-15 15:13:00,10.9,10.92,10.9,10.91,113033.0
2019-08-15 15:14:00,10.905,10.92,10.905,10.915,37593.0
2019-08-15 15:15:00,10.91,10.92,10.91,10.92,22292.0
2019-08-15 15:16:00,10.91,10.92,10.91,10.92,1540.0
2019-08-15 15:17:00,10.915,10.93,10.915,10.92,45114.0
2019-08-15 15:18:00,10.92,10.92,10.91,10.915,11656.0
2019-08-15 15:19:00,10.915,10.915,10.905,10.91,6388.0
2019-08-15 15:20:00,10.91,10.91,10.9,10.905,2744.0
2019-08-15 15:21:00,10.91,10.92,10.9,10.9,62070.0
2019-08-15 15:22:00,10.9,10.905,10.89,10.89,28339.0
2019-08-15 15:23:00,10.8903,10.9,10.8903,10.895,17061.0
2019-08-15 15:24:00,10.9,10.91,10.9,10.9,39538.0
2019-08-15 15:25:00,10.9,10.905,10.895,10.895,44327.0
2019-08-15 15:26:00,10.9,10.9,10.895,10.895,2551.0
2019-08-15 15:27:00,10.895,10.9,10.895,10.9,1311.0
2019-08-15 15:28:00,10.9,10.9,10.895,10.9,2631.0
2019-08-15 15:29:00,10.895,10.895,10.89,10.895,9702.0
2019-08-15 15:30:00,10.895,10.905,10.89,10.9,25506.0
2019-08-15 15:31:00,10.9,10.925,10.9,10.92,72809.0
2019-08-15 15:32:00,10.92,10.93,10.915,10.925,83849.0
2019-08-15 15:33:00,10.93,10.93,10.925,10.925,4155.0
2019-08-15 15:34:00,10.93,10.93,10.92,10.93,7704.0
2019-08-15 15:35:00,10.93,10.93,10.91,10.92,29784.0
2019-08-15 15:36:00,10.92,10.925,10.915,10.92,50772.0
2019-08-15 15:37:00,10.915,10.92,10.915,10.92,4880.0
2019-08-15 15:38:00,10.92,10.94,10.92,10.925,68042.0
2019-08-15 15:39:00,10.925,10.93,10.9132,10.93,72430.0
2019-08-15 15:40:00,10.93,10.935,10.925,10.935,26071.0
2019-08-15 15:41:00,10.93,10.94,10.925,10.935,52035.0
2019-08-15 15:42:00,10.935,10.94,10.925,10.93,92048.0
2019-08-15 15:43:00,10.935,10.94,10.93,10.94,28522.0
2019-08-15 15:44:00,10.94,10.95,10.935,10.945,20727.0
2019-08-15 15:45:00,10.95,10.96,10.945,10.95,44842.0
2019-08-15 15:46:00,10.955,10.955,10.94,10.94,72722.0
2019-08-15 15:47:00,10.94,10.9499,10.94,10.945,67595.0
2019-08-15 15:48:00,10.945,10.96,10.94,10.95,77700.0
2019-08-15 15:49:00,10.955,10.96,10.95,10.95,69933.0
2019-08-15 15:50:00,10.95,10.96,10.95,10.96,77529.0
2019-08-15 15:51:00,10.96,10.97,10.95,10.965,158965.0
2019-08-15 15:52:00,10.965,10.97,10.95,10.955,291657.0
2019-08-15 15:53:00,10.955,10.96,10.95,10.95,92133.0
2019-08-15 15:54:00,10.95,10.96,10.94,10.9594,328405.0
2019-08-15 15:55:00,10.955,10.96,10.95,10.95,45800.0
2019-08-15 15:56:00,10.96,10.97,10.95,10.96,123844.0
2019-08-15 15:57:00,10.965,10.97,10.96,10.9699,16747.0
2019-08-15 15:58:00,10.965,10.97,10.96,10.965,44393.0
2019-08-15 15:59:00,10.97,10.97,10.96,10.97,73066.0
2019-08-15 16:00:00,10.965,10.97,10.96,10.97,120789.0
2019-08-16 09:31:00,11.03,11.08,11.03,11.07,118416.0
2019-08-16 09:32:00,11.08,11.08,11.07,11.0761,20938.0
2019-08-16 09:33:00,11.08,11.08,11.07,11.07,12523.0
2019-08-16 09:34:00,11.07,11.08,11.06,11.08,63308.0
2019-08-16 09:35:00,11.09,11.09,11.07,11.085,43109.0
2019-08-16 09:36:00,11.08,11.1,11.08,11.095,36803.0
2019-08-16 09:37:00,11.095,11.1,11.07,11.085,120172.0
2019-08-16 09:38:00,11.085,11.105,11.08,11.105,33652.0
2019-08-16 09:39:00,11.11,11.11,11.09,11.095,14285.0
2019-08-16 09:40:00,11.1,11.1,11.08,11.095,98539.0
2019-08-16 09:41:00,11.09,11.1,11.08,11.0899,17026.0
2019-08-16 09:42:00,11.09,11.09,11.055,11.055,32054.0
2019-08-16 09:43:00,11.05,11.055,11.03,11.04,50447.0
2019-08-16 09:44:00,11.04,11.05,11.01,11.02,54776.0
2019-08-16 09:45:00,11.02,11.02,11.0,11.005,33308.0
2019-08-16 09:46:00,11.0,11.015,10.99,11.005,34784.0
2019-08-16 09:47:00,11.005,11.01,10.99,10.99,9875.0
2019-08-16 09:48:00,10.99,11.005,10.99,11.0,23674.0
2019-08-16 09:49:00,11.005,11.01,10.995,11.005,25738.0
2019-08-16 09:50:00,11.0059,11.0059,10.99,10.99,37964.0
2019-08-16 09:51:00,10.995,11.005,10.99,11.005,68010.0
2019-08-16 09:52:00,11.01,11.01,10.99,11.0,54842.0
2019-08-16 09:53:00,11.0,11.005,10.995,11.0,28040.0
2019-08-16 09:54:00,11.0,11.025,11.0,11.025,39289.0
2019-08-16 09:55:00,11.025,11.025,11.01,11.01,27542.0
2019-08-16 09:56:00,11.01,11.02,10.995,10.995,27528.0
2019-08-16 09:57:00,10.995,11.0,10.98,10.99,47178.0
2019-08-16 09:58:00,10.99,10.995,10.98,10.985,27659.0
2019-08-16 09:59:00,10.985,11.0,10.985,11.0,14503.0
2019-08-16 10:00:00,11.0,11.015,10.995,10.995,24052.0
2019-08-16 10:01:00,10.99,11.01,10.985,11.01,35215.0
2019-08-16 10:02:00,11.01,11.0101,10.995,11.0,20426.0
2019-08-16 10:03:00,10.995,11.01,10.99,10.99,41789.0
2019-08-16 10:04:00,10.99,10.995,10.97,10.97,7842.0
2019-08-16 10:05:00,10.97,10.975,10.96,10.975,14547.0
2019-08-16 10:06:00,10.97,10.975,10.95,10.95,27009.0
2019-08-16 10:07:00,10.95,10.95,10.935,10.935,7456.0
2019-08-16 10:08:00,10.94,10.94,10.92,10.93,76232.0
2019-08-16 10:09:00,10.925,10.95,10.925,10.94,41213.0
2019-08-16 10:10:00,10.935,10.95,10.93,10.935,37943.0
2019-08-16 10:11:00,10.93,10.96,10.93,10.96,16952.0
2019-08-16 10:12:00,10.96,10.96,10.94,10.94,39212.0
2019-08-16 10:13:00,10.94,10.9456,10.91,10.92,77443.0
2019-08-16 10:14:00,10.92,10.93,10.92,10.92,44869.0
2019-08-16 10:15:00,10.92,10.925,10.91,10.925,41948.0
2019-08-16 10:16:00,10.92,10.92,10.91,10.92,23692.0
2019-08-16 10:17:00,10.92,10.92,10.9,10.905,24853.0
2019-08-16 10:18:00,10.91,10.91,10.895,10.9,23654.0
2019-08-16 10:19:00,10.9,10.9,10.87,10.88,59775.0
2019-08-16 10:20:00,10.88,10.905,10.88,10.88,127619.0
2019-08-16 10:21:00,10.885,10.9,10.87,10.9,46569.0
2019-08-16 10:22:00,10.9,10.995,10.89,10.985,522151.0
2019-08-16 10:23:00,10.98,10.98,10.935,10.94,299253.0
2019-08-16 10:24:00,10.94,10.95,10.92,10.92,53469.0
2019-08-16 10:25:00,10.92,10.945,10.92,10.94,42172.0
2019-08-16 10:26:00,10.94,10.95,10.935,10.9364,18596.0
2019-08-16 10:27:00,10.93,10.935,10.9,10.92,121188.0
2019-08-16 10:28:00,10.92,10.92,10.88,10.89,68905.0
2019-08-16 10:29:00,10.89,10.9,10.865,10.87,88276.0
2019-08-16 10:30:00,10.87,10.88,10.86,10.86,63837.0
2019-08-16 10:31:00,10.86,10.885,10.855,10.87,40121.0
2019-08-16 10:32:00,10.87,10.88,10.865,10.88,27003.0
2019-08-16 10:33:00,10.87,10.8795,10.86,10.87,40793.0
2019-08-16 10:34:00,10.86,10.87,10.86,10.86,38512.0
2019-08-16 10:35:00,10.86,10.87,10.86,10.87,19578.0
2019-08-16 10:36:00,10.87,10.88,10.865,10.87,24809.0
2019-08-16 10:37:00,10.87,10.885,10.87,10.88,61422.0
2019-08-16 10:38:00,10.88,10.89,10.87,10.89,57512.0
2019-08-16 10:39:00,10.89,10.9,10.875,10.88,49352.0
2019-08-16 10:40:00,10.88,10.885,10.865,10.87,37957.0
2019-08-16 10:41:00,10.87,10.89,10.86,10.865,91008.0
2019-08-16 10:42:00,10.87,10.87,10.86,10.87,9511.0
2019-08-16 10:43:00,10.86,10.88,10.86,10.88,92440.0
2019-08-16 10:44:00,10.88,10.89,10.84,10.84,336259.0
2019-08-16 10:45:00,10.84,10.86,10.84,10.86,30445.0
2019-08-16 10:46:00,10.8582,10.865,10.85,10.86,37343.0
2019-08-16 10:47:00,10.86,10.88,10.86,10.88,10689.0
2019-08-16 10:48:00,10.88,10.91,10.88,10.91,83732.0
2019-08-16 10:49:00,10.905,10.91,10.89,10.9,61154.0
2019-08-16 10:50:00,10.8991,10.915,10.8991,10.91,41803.0
2019-08-16 10:51:00,10.91,10.925,10.905,10.92,64725.0
2019-08-16 10:52:00,10.92,10.94,10.92,10.925,27220.0
2019-08-16 10:53:00,10.925,10.93,10.92,10.92,17996.0
2019-08-16 10:54:00,10.92,10.92,10.89,10.9,78280.0
2019-08-16 10:55:00,10.9,10.905,10.89,10.9,31381.0
2019-08-16 10:56:00,10.9035,10.92,10.9035,10.915,15774.0
2019-08-16 10:57:00,10.92,10.94,10.92,10.92,38085.0
2019-08-16 10:58:00,10.9256,10.94,10.9256,10.94,29726.0
2019-08-16 10:59:00,10.93,10.94,10.92,10.935,20351.0
2019-08-16 11:00:00,10.93,10.95,10.93,10.94,29508.0
2019-08-16 11:01:00,10.94,10.965,10.935,10.96,88429.0
2019-08-16 11:02:00,10.96,10.96,10.94,10.94,13912.0
2019-08-16 11:03:00,10.95,10.95,10.94,10.95,19696.0
2019-08-16 11:04:00,10.96,10.96,10.95,10.95,9535.0
2019-08-16 11:05:00,10.95,10.955,10.94,10.945,19131.0
2019-08-16 11:06:00,10.94,10.95,10.94,10.945,16110.0
2019-08-16 11:07:00,10.93,10.94,10.93,10.935,11852.0
2019-08-16 11:08:00,10.94,10.94,10.925,10.93,43893.0
2019-08-16 11:09:00,10.94,10.94,10.93,10.93,6942.0
2019-08-16 11:10:00,10.93,10.935,10.92,10.93,20205.0
2019-08-16 11:12:00,10.925,10.94,10.925,10.9389,95625.0
2019-08-16 11:13:00,10.93,10.935,10.93,10.93,5011.0
2019-08-16 11:15:00,10.915,10.915,10.9,10.9,66746.0
2019-08-16 11:16:00,10.9,10.905,10.88,10.885,43971.0
2019-08-16 11:17:00,10.88,10.89,10.875,10.8834,47528.0
2019-08-16 11:18:00,10.88,10.89,10.88,10.885,36857.0
2019-08-16 11:19:00,10.8851,10.8851,10.87,10.875,16902.0
2019-08-16 11:20:00,10.87,10.89,10.865,10.885,60943.0
2019-08-16 11:21:00,10.885,10.895,10.88,10.885,31295.0
2019-08-16 11:22:00,10.88,10.9,10.88,10.895,12243.0
2019-08-16 11:23:00,10.9,10.9,10.885,10.885,17681.0
2019-08-16 11:24:00,10.89,10.9,10.885,10.895,13645.0
2019-08-16 11:25:00,10.9,10.91,10.895,10.9,15364.0
2019-08-16 11:26:00,10.9,10.9083,10.895,10.895,37776.0
2019-08-16 11:27:00,10.89,10.91,10.89,10.91,54636.0
2019-08-16 11:28:00,10.92,10.92,10.91,10.91,60026.0
2019-08-16 11:29:00,10.91,10.93,10.91,10.9299,36185.0
2019-08-16 11:30:00,10.93,10.93,10.92,10.93,26718.0
2019-08-16 11:31:00,10.93,10.935,10.915,10.915,64559.0
2019-08-16 11:32:00,10.915,10.915,10.91,10.91,67538.0
2019-08-16 11:33:00,10.905,10.915,10.9,10.9,57915.0
2019-08-16 11:34:00,10.9,10.91,10.89,10.905,79747.0
2019-08-16 11:35:00,10.91,10.92,10.91,10.92,50935.0
2019-08-16 11:36:00,10.91,10.915,10.9,10.9001,53145.0
2019-08-16 11:37:00,10.905,10.92,10.9,10.9146,98058.0
2019-08-16 11:38:00,10.915,10.92,10.91,10.91,33007.0
2019-08-16 11:40:00,10.9,10.905,10.9,10.905,10960.0
2019-08-16 11:41:00,10.9,10.905,10.9,10.905,21185.0
2019-08-16 11:42:00,10.9,10.905,10.89,10.9,33004.0
2019-08-16 11:43:00,10.9,10.92,10.9,10.91,95963.0
2019-08-16 11:44:00,10.905,10.92,10.905,10.91,69804.0
2019-08-16 11:45:00,10.905,10.92,10.905,10.915,66102.0
2019-08-16 11:46:00,10.91,10.93,10.91,10.925,82169.0
2019-08-16 11:47:00,10.925,10.94,10.92,10.94,20905.0
2019-08-16 11:48:00,10.94,10.95,10.94,10.95,74987.0
2019-08-16 11:49:00,10.95,10.95,10.93,10.935,57489.0
2019-08-16 11:50:00,10.93,10.945,10.925,10.94,82241.0
2019-08-16 11:51:00,10.93,10.94,10.93,10.93,39569.0
2019-08-16 11:52:00,10.93,10.94,10.93,10.9367,11924.0
2019-08-16 11:53:00,10.94,10.955,10.939,10.95,70273.0
2019-08-16 11:54:00,10.9519,10.9519,10.9331,10.935,49510.0
2019-08-16 11:55:00,10.94,10.94,10.93,10.935,12848.0
2019-08-16 11:56:00,10.935,10.9386,10.93,10.935,7610.0
2019-08-16 11:57:00,10.935,10.94,10.925,10.93,19598.0
2019-08-16 11:58:00,10.925,10.94,10.925,10.93,10906.0
2019-08-16 11:59:00,10.94,10.94,10.93,10.935,4019.0
2019-08-16 12:00:00,10.935,10.94,10.935,10.94,6815.0
2019-08-16 12:01:00,10.94,10.94,10.925,10.93,94283.0
2019-08-16 12:02:00,10.9307,10.945,10.9307,10.94,36833.0
2019-08-16 12:03:00,10.945,10.95,10.94,10.945,34560.0
2019-08-16 12:04:00,10.95,10.95,10.9301,10.9339,0.0
2019-08-16 12:05:00,10.94,10.94,10.94,10.94,2362.0
2019-08-16 12:06:00,10.935,10.94,10.93,10.94,18600.0
2019-08-16 12:07:00,10.935,10.94,10.935,10.94,2367.0
2019-08-16 12:08:00,10.94,10.94,10.93,10.94,20553.0
2019-08-16 12:09:00,10.935,10.94,10.935,10.94,11916.0
2019-08-16 12:10:00,10.935,10.94,10.935,10.94,6389.0
2019-08-16 12:11:00,10.94,10.95,10.9301,10.9301,43920.0
2019-08-16 12:12:00,10.94,10.95,10.94,10.945,38369.0
2019-08-16 12:13:00,10.9438,10.95,10.94,10.94,31391.0
2019-08-16 12:14:00,10.945,10.96,10.945,10.96,34642.0
2019-08-16 12:15:00,10.96,10.96,10.955,10.96,4300.0
2019-08-16 12:16:00,10.955,10.955,10.95,10.955,7640.0
2019-08-16 12:17:00,10.96,10.9656,10.96,10.96,33289.0
